expression,reading,meaning,tags
就任,しゅうにん,"inauguration, assumption of office",JLPT JLPT_2
周辺,しゅうへん,"circumference, peripheral",JLPT JLPT_2
重役,じゅうやく,"director, high executive",JLPT JLPT_2
終了,しゅうりょう,"end, close, termination",JLPT_1 JLPT JLPT_2
重量,じゅうりょう,heavyweight,JLPT JLPT_2
重力,じゅうりょく,gravity,JLPT JLPT_2
熟語,じゅくご,"idiom, kanji compound",JLPT JLPT_2
祝日,しゅくじつ,national holiday,JLPT JLPT_2
縮小,しゅくしょう,"reduction, curtailment",JLPT JLPT_2
受験,じゅけん,taking an examination,JLPT JLPT_2
主語,しゅご,(gram) subject,JLPT JLPT_2
主人,しゅじん,(one's own) husband,JLPT JLPT_2 Intermediate_Japanese_Ln.9 Intermediate_Japanese
出勤,しゅっきん,"going to work, at work",JLPT JLPT_2
述語,じゅつご,predicate,JLPT JLPT_2
出張,しゅっちょう,"official tour, business trip",JLPT Intermediate_Japanese Genki_Ln.19 JLPT_2 Intermediate_Japanese_Ln.10 Genki
寿命,じゅみょう,life span,JLPT JLPT_2
主役,しゅやく,leading part,JLPT JLPT_2
受話器,じゅわき,(telephone) receiver,JLPT JLPT_2
循環,じゅんかん,"circulation, rotation, cycle",JLPT JLPT_2
巡査,じゅんさ,policeman,JLPT JLPT_2
順々,じゅんじゅん,"in order, in turn",JLPT JLPT_2
順序,じゅんじょ,"order, sequence, procedure",JLPT JLPT_2
純情,じゅんじょう,pure heart,JLPT JLPT_2
純粋,じゅんすい,"pure, genuine, unmixed",JLPT JLPT_2
初～,しょ～,first ~,JLPT JLPT_2
諸～,しょ～,various ~,JLPT JLPT_2
～所,～しょ,place,JLPT JLPT_2
～所,～じょ,place,JLPT JLPT_2
女～,じょ～,things done by women,JLPT JLPT_2
～女,～じょ,count for sisters,JLPT JLPT_2
省～,しょう～,economizing ~,JLPT JLPT_2
～省,～しょう,kind of ministry,JLPT JLPT_2
～商,～しょう,"merchant, business",JLPT JLPT_2
～勝,～しょう,count for victory,JLPT JLPT_2
～条,～じょう,counter for article,JLPT_1 JLPT JLPT_2
～場,～じょう,"kind of field, ground",JLPT JLPT_2
～畳,～じょう,"count for tatami, mat",JLPT JLPT_2
消化,しょうか,digestion,JLPT JLPT_2
小学生,しょうがくせい,elementary school pupil,JLPT JLPT_2
しょうがない,しょうがない,It is not worth ~,JLPT JLPT_2
将棋,しょうぎ,Japanese chess,JLPT JLPT_2
蒸気,じょうき,"steam, vapor",JLPT JLPT_2
定規,じょうぎ,(measuring) ruler,JLPT JLPT_2
上級,じょうきゅう,"advanced level, high grade, senior",JLPT JLPT_2
商業,しょうぎょう,"commerce, trade, business",JLPT JLPT_2 Intermediate_Japanese_Ln.10 Intermediate_Japanese
消極的,しょうきょくてき,passive,JLPT JLPT_2
賞金,しょうきん,"prize, monetary award",JLPT JLPT_2
上下,じょうげ,"high and low, up and down",JLPT JLPT_2
障子,しょうじ,paper sliding door,JLPT JLPT_2
商社,しょうしゃ,trading company,JLPT JLPT_2
乗車,じょうしゃ,"taking a train, entraining",JLPT JLPT_2
上旬,じょうじゅん,first 10 days of month,JLPT JLPT_2
生ずる,しょうずる,"to cause, to arise, to be generated",JLPT JLPT_2
小数,しょうすう,"fraction (part of), decimal",JLPT JLPT_2
商店,しょうてん,"shop, business firm",JLPT JLPT_2
焦点,しょうてん,"focus, point",JLPT JLPT_2
消毒,しょうどく,disinfection,JLPT JLPT_2
勝敗,しょうはい,"victory or defeat, issue (of battle)",JLPT JLPT_2
蒸発,じょうはつ,evaporation; unexplained disappearance,JLPT JLPT_2
上品,じょうひん,"refined, elegant, well-mannered",JLPT JLPT_2
勝負,しょうぶ,"victory or defeat, game",JLPT JLPT_2
小便,しょうべん,"(col) urine, piss",JLPT JLPT_2
消防署,しょうぼうしょ,fire station,JLPT JLPT_2
正味,しょうみ,net (weight),JLPT JLPT_2
正面,しょうめん,front,JLPT JLPT_2
消耗,しょうもう,"exhaustion, consumption",JLPT JLPT_2
初級,しょきゅう,elementary level,JLPT JLPT_2
助教授,じょきょうじゅ,assistant professor,JLPT JLPT_2
～色,～しょく,kind of color,JLPT JLPT_2
食塩,しょくえん,table salt,JLPT JLPT_2
職人,しょくにん,"artisan, craftsman",JLPT JLPT_2
職場,しょくば,workplace,JLPT JLPT_2
初旬,しょじゅん,first 10 days of the month,JLPT JLPT_2
書籍,しょせき,"book, publication",JLPT JLPT_2
食器,しょっき,tableware,JLPT JLPT_2
ショップ,ショップ,a shop,JLPT JLPT_2
書店,しょてん,bookshop,JLPT JLPT_2
書道,しょどう,calligraphy,JLPT JLPT_2
初歩,しょほ,"elements, rudiments",JLPT JLPT_2
白髪,しらが,"white or grey hair, trendy hair bleaching",JLPT JLPT_2
シリーズ,シリーズ,series,JLPT JLPT_2
私立,しりつ,private (establishment),JLPT_2 JLPT Intermediate_Japanese_Ln.7 Intermediate_Japanese
資料,しりょう,"materials, data",JLPT JLPT_2
汁,しる,"juice, soup",JLPT JLPT_2
素人,しろうと,"layman, amateur, novice",JLPT JLPT_2 Intermediate_Japanese_Ln.12 Intermediate_Japanese
しわ (かおの～),しわ (かおの～),"wrinkles, creases",JLPT JLPT_2
芯,しん,"core, heart, wick",JLPT JLPT_2
新幹線,しんかんせん,"Shinkansen, ""Bullet Train""",JLPT Intermediate_Japanese JLPT_2 Genki_Ln.9 Intermediate_Japanese_Ln.10 Genki
真空,しんくう,vacuum,JLPT JLPT_2
人事,じんじ,"human resources, personnel management",JLPT JLPT_2
信ずる,しんずる,to believe,JLPT JLPT_2
心身,しんしん,mind and body,JLPT JLPT_2
申請,しんせい,"application, request, petition",JLPT JLPT_2
人造,じんぞう,"man-made, synthetic, artificial",JLPT JLPT_2
寝台,しんだい,bed,JLPT JLPT_2
診断,しんだん,diagnosis,JLPT JLPT_2
侵入,しんにゅう,"invasion, raid, trespass",JLPT JLPT_2
人文科学,じんぶんかがく,"social sciences, humanities",JLPT JLPT_2
人命,じんめい,(human) life,JLPT JLPT_2
深夜,しんや,late at night,JLPT JLPT_2
森林,しんりん,"forest, woods",JLPT JLPT_2
親類,しんるい,relative(s) (same as 親戚 (しんせき)),JLPT Intermediate_Japanese JLPT_2 Intermediate_Japanese_Ln.8 Intermediate_Japanese_Ln.9
針路,しんろ,"course, direction",JLPT JLPT_2
神話,しんわ,"myth, legend",JLPT JLPT_2
水産,すいさん,"marine products, fisheries",JLPT JLPT_2
炊事,すいじ,cooking,JLPT JLPT_2
水蒸気,すいじょうき,"water vapor, steam",JLPT JLPT_2
水素,すいそ,hydrogen,JLPT JLPT_2
垂直,すいちょく,"vertical, perpendicular",JLPT JLPT_2
推定,すいてい,"presumption, assumption, estimation",JLPT JLPT_2
水滴,すいてき,drop of water,JLPT JLPT_2
水筒,すいとう,"canteen, flask, water bottle",JLPT JLPT_2
随筆,ずいひつ,"essays, miscellaneous writings",JLPT JLPT_2
水分,すいぶん,moisture,JLPT JLPT_2
水平,すいへい,"level, horizontal",JLPT JLPT_2
水平線,すいへいせん,horizon,JLPT JLPT_2
水面,すいめん,water's surface,JLPT JLPT_2
図々しい,ずうずうしい,"impudent, shameless",JLPT JLPT_2
ずうっと,ずうっと,"all the time, all the way",JLPT JLPT_2
末っ子,すえっこ,youngest child,JLPT JLPT_2
スカーフ,スカーフ,scarf,JLPT JLPT_2
図鑑,ずかん,picture book,JLPT JLPT_2
隙,すき,"unguarded moment, chance",JLPT JLPT_2
杉,すぎ,Japanese cedar,JLPT JLPT_2
好き嫌い,すききらい,"likes and dislikes, taste",JLPT JLPT_2
好き好き,すきずき,matter of taste,JLPT JLPT_2
透き通る,すきとおる,to be(come) transparent,JLPT JLPT_2
隙間,すきま,"crack, gap, opening",JLPT JLPT_2
～過ぎる,～すぎる,too much ~,JLPT JLPT_2
スクール,スクール,school,JLPT JLPT_2
図形,ずけい,figure,JLPT JLPT_2
鈴,すず,bell,JLPT JLPT_2
涼む,すずむ,"to cool oneself, to cool off",JLPT JLPT_2
スタート,スタート,start,JLPT JLPT_2
スチュワーデス,スチュワーデス,stewardess,JLPT JLPT_2
すっきり,すっきり,"shapely, clear, neat",JLPT JLPT_2
ステージ,ステージ,stage; performance,JLPT JLPT_2
ストッキング,ストッキング,stockings,JLPT JLPT_2
ストップ,ストップ,stop,JLPT JLPT_2
素直,すなお,"obedient, meek, docile",JLPT JLPT_2
頭脳,ずのう,"head, brains, intellect",JLPT JLPT_2
スピーカー,スピーカー,speaker,JLPT JLPT_2
図表,ずひょう,"chart, diagram, graph",JLPT JLPT_2
スマート,スマート,"smart, stylish, slim",JLPT JLPT_2
住まい,すまい,"dwelling, house",JLPT JLPT_2
すまない,すまない,sorry (phrase),JLPT JLPT_2
～済,～ずみ,finished,JLPT JLPT_2
相撲,すもう,sumo wrestling,JLPT_2 JLPT Intermediate_Japanese_Ln.7 Intermediate_Japanese
スライド,スライド,slide,JLPT JLPT_2
ずらす,ずらす,"to put off, to delay",JLPT JLPT_2
ずらり,ずらり,"in a line, in a row",JLPT JLPT_2
スリッパ,スリッパ,slippers,JLPT JLPT_2
狡い,ずるい,"sly, cunning",JLPT JLPT_2
寸法,すんぽう,"measurement, size, dimension",JLPT JLPT_2
税関,ぜいかん,customs,JLPT JLPT_2
製作,せいさく,"manufacture, production",JLPT JLPT_2
制作,せいさく,"work (e.g., film, book)",JLPT JLPT_2
清書,せいしょ,clean copy,JLPT JLPT_2
青少年,せいしょうねん,"youth, young person",JLPT JLPT_2
整数,せいすう,integer,JLPT JLPT_2
清掃,せいそう,cleaning,JLPT JLPT_2
生存,せいぞん,"existence, being, survival",JLPT JLPT_2
政党,せいとう,(member of) political party,JLPT JLPT_2
性能,せいのう,"ability, capability",JLPT JLPT_2
整備,せいび,"maintenance, overhaul",JLPT JLPT_2
成分,せいぶん,"ingredient, component, composition",JLPT JLPT_2
性別,せいべつ,"sex, gender",JLPT JLPT_2
正方形,せいほうけい,square,JLPT JLPT_2
正門,せいもん,"main gate, main entrance",JLPT JLPT_2
成立,せいりつ,"formation, establishment, completion",JLPT JLPT_2
西暦,せいれき,"Christian Era, after (Christ’s) death (A.D.)",JLPT JLPT_2
背負う,せおう,to be burdened with; to carry on (one's) back or shoulder(s),Intermediate_Japanese_Ln.14 JLPT_2 JLPT Intermediate_Japanese
～席,～せき,counter for seats,JLPT JLPT_2
赤道,せきどう,equator,JLPT JLPT_2
折角,せっかく,"with trouble, at great pains, long-awaited",JLPT JLPT_2
接近,せっきん,"getting closer, drawing nearer, approaching",JLPT JLPT_2
接する,せっする,to attend to (someone); to associate with,JLPT_2 JLPT Intermediate_Japanese_Ln.15 Intermediate_Japanese
せっせと,せっせと,"busily, away",JLPT JLPT_2
接続,せつぞく,"connection, union, join, link; changing trains",JLPT JLPT_2
瀬戸物,せともの,"earthenware, crockery, china",JLPT JLPT_2
ぜひとも,ぜひとも,by all means (with sense of not taking 'no' for an answer),JLPT JLPT_2
迫る,せまる,"to draw near, to press",JLPT JLPT_2
ゼミ,ゼミ,seminar,Intermediate_Japanese_Ln.5 JLPT JLPT_2 Intermediate_Japanese
せめて,せめて,at least,JLPT JLPT_2
セメント,セメント,cement,JLPT JLPT_2
台詞,せりふ,"speech, words, one's lines, remarks",JLPT JLPT_2
栓,せん,"stopper, cork, stopcock",JLPT JLPT_2
～船,～せん,counter for ships,JLPT JLPT_2
～戦,～せん,"counter for games, matches",JLPT JLPT_2
前～,ぜん～,"former, late ~, past ~",JLPT JLPT_2
～前,～ぜん,before ~,JLPT JLPT_2
前後,ぜんご,"front and back, before and after",JLPT JLPT_2
全集,ぜんしゅう,complete works,JLPT JLPT_2
扇子,せんす,folding fan,JLPT JLPT_2 Genki_Ln.20 Genki
専制,せんせい,"despotism, autocracy",JLPT JLPT_2
先々月,せんせんげつ,month before last,JLPT JLPT_2
先々週,せんせんしゅう,2 weeks before,JLPT JLPT_2
先祖,せんぞ,ancestor,JLPT JLPT_2
先端,せんたん,"pointed end, tip",JLPT JLPT_2
センチ,センチ,centimeter,JLPT JLPT_2
先頭,せんとう,"head, lead, vanguard",JLPT JLPT_2
全般,ぜんぱん,"(the) whole, general",JLPT JLPT_2
扇風機,せんぷうき,electric fan,JLPT JLPT_2
洗面,せんめん,"wash up (one's face), have a wash",JLPT JLPT_2
全力,ぜんりょく,"all one's power, whole energy",JLPT JLPT_2
線路,せんろ,"line, track, roadbed",JLPT JLPT_2
～沿い,～そい,along,JLPT JLPT_2
総～,そう～,"gross, general, entire",JLPT JLPT_2
～艘,～そう,counter for ships,JLPT JLPT_2
相違,そうい,"difference, discrepancy, variation",JLPT JLPT_2 Intermediate_Japanese Intermediate_Japanese_Ln.11
そういえば,そういえば,which reminds me ..,JLPT JLPT_2
雑巾,ぞうきん,"house-cloth, dust cloth",JLPT JLPT_2
増減,ぞうげん,"increase and decrease, fluctuation",JLPT JLPT_2
倉庫,そうこ,"storehouse, warehouse",JLPT JLPT_2
相互,そうご,"mutual, reciprocal",JLPT JLPT_2
創作,そうさく,"production, creation, work",JLPT JLPT_2
葬式,そうしき,funeral,JLPT JLPT_2
造船,ぞうせん,shipbuilding,JLPT JLPT_2
騒々しい,そうぞうしい,"noisy, boisterous",JLPT JLPT_2
増大,ぞうだい,"increase, growth",JLPT JLPT_2
そうっと,そうっと,"softly, cautiously, gently",JLPT JLPT_2
送別,そうべつ,"farewell, send-off",JLPT JLPT_2
草履,ぞうり,Japanese sandals (footwear),JLPT JLPT_2
総理大臣,そうりだいじん,Prime Minister,JLPT JLPT_2
送料,そうりょう,"postage, carriage",JLPT JLPT_2
～足,～そく,counter for shoes,JLPT JLPT_2
属する,ぞくする,"to belong to, to come under",JLPT JLPT_2
続々,ぞくぞく,"successively, one after another",JLPT JLPT_2
速達,そくたつ,"express, special delivery",JLPT JLPT_2
測定,そくてい,measurement,JLPT JLPT_2
測量,そくりょう,"measurement, surveying",JLPT JLPT_2
速力,そくりょく,speed,JLPT JLPT_2
素質,そしつ,"talent, capability",JLPT JLPT_2
祖先,そせん,ancestor(s),JLPT JLPT_2 Intermediate_Japanese_Ln.8 Intermediate_Japanese
そそっかしい,そそっかしい,"careless, thoughtless",JLPT JLPT_2
卒直,そっちょく,"frank, candid, honest",JLPT JLPT_2
そのころ,そのころ,"in those days, at that time, then",JLPT JLPT_2
そのため,そのため,"hence, for that reason",JLPT JLPT_2
その他,そのほか,besides,JLPT JLPT_2
剃る,そる,to shave,JLPT JLPT_2
それなのに,それなのに,"though, although",JLPT JLPT_2
それなら,それなら,"If that's the case..., If so..., That being the case...",JLPT JLPT_2
それはいけませんね (かん),それはいけませんね (かん),that's not good,JLPT JLPT_2
逸れる,それる,"to stray (turn) from subject, to go astray",JLPT JLPT_2
算盤,そろばん,abacus,JLPT JLPT_2
存じる,ぞんじる,(humble) to know,JLPT JLPT_2
存ずる,ぞんずる,(humble) to know,JLPT JLPT_2
損得,そんとく,"loss and gain, advantage and disadvantage",JLPT JLPT_2
田ぼ,たんぼ,"paddy field, farm",JLPT JLPT_2
第～,だい～,~th,JLPT JLPT_2
だいいち (とりわけ),だいいち (とりわけ),"first, foremost,&nbsp;&nbsp;#1",JLPT JLPT_2
大学院,だいがくいん,graduate school,Genki_Ln.16 JLPT Intermediate_Japanese JLPT_2 Intermediate_Japanese_Ln.1 Genki
大工,だいく,carpenter,JLPT JLPT_2
体系,たいけい,"system, organization",JLPT JLPT_2
太鼓,たいこ,"drum, tambourine",JLPT JLPT_2
対策,たいさく,"counter-plan, counter-measure",JLPT JLPT_2
大して,たいして,"(not so) much, (not) very",JLPT JLPT_2
大小,だいしょう,size,JLPT JLPT_2
体制,たいせい,"order, system, structure",JLPT JLPT_2
体積,たいせき,"capacity, volume",JLPT JLPT_2
大層,たいそう,"very much, greatly",JLPT JLPT_2
体操,たいそう,"gymnastics, physical exercises, calisthenics",JLPT JLPT_2
大分,だいぶん,"considerably, greatly, a lot",JLPT JLPT_2
大木,たいぼく,large tree,JLPT JLPT_2
代名詞,だいめいし,pronoun,JLPT JLPT_2
タイア,タイア,"tire, tyre",JLPT JLPT_2
ダイヤグラム,ダイヤグラム,diagram,JLPT JLPT_2
ダイヤモンド,ダイヤモンド,diamond,JLPT JLPT_2
ダイヤル,ダイヤル,dial,JLPT JLPT_2
対立,たいりつ,"confrontation, opposition, antagonism",JLPT JLPT_2
田植え,たうえ,rice planting,JLPT JLPT_2
絶えず,たえず,constantly,JLPT JLPT_2 Intermediate_Japanese_Ln.10 Intermediate_Japanese
楕円,だえん,ellipse,JLPT JLPT_2
耕す,たがやす,"to till, to plow, to cultivate",JLPT JLPT_2
滝,たき,waterfall,JLPT JLPT_2
蓄える,たくわえる,"to save, to store, to lay in stock",JLPT JLPT_2
竹,たけ,bamboo,JLPT JLPT_2
ただいま,ただいま,"Here I am, I'm home!",JLPT JLPT_2
但し,ただし,"but, however, provided that",JLPT JLPT_2
立ち止まる,たちどまる,"to stop, to halt, to stand still",JLPT JLPT_2
たちまち,たちまち,"instantly, suddenly, all at once",JLPT_2 JLPT Intermediate_Japanese_Ln.7 Intermediate_Japanese
発,はつ,"to depart (e.g., on a plane, train)",JLPT JLPT_2
脱線,だっせん,"derailment, digression",JLPT JLPT_2
妥当,だとう,"proper, appropriate",JLPT JLPT_2
例える,たとえる,"to compare, to liken",JLPT JLPT_2
頼もしい,たのもしい,"reliable, promising",JLPT JLPT_2
ダブル,ダブル,double,JLPT_1 JLPT JLPT_2
ダム,ダム,dam,JLPT JLPT_2
溜息,ためいき,a sigh,JLPT JLPT_2
ためらう,ためらう,to be hesitant,JLPT JLPT_2 Intermediate_Japanese_Ln.12 Intermediate_Japanese
～だらけ,～だらけ,"be full of ~, be filled with ~",JLPT JLPT_2
だらしない,だらしない,"slovenly, loose, a slut",JLPT JLPT_2
足る,たる,"to be sufficient, to be enough",JLPT JLPT_2
短～,たん～,short ~,JLPT JLPT_2
～団,～だん,"group, corps, party",JLPT JLPT_2
オーケストラ,オーケストラ,orchestra,JLPT JLPT_2
おおざっぱ,おおざっぱ,"rough (not precise), broad, sketchy",JLPT JLPT_2
大通り,おおどおり,main street,JLPT JLPT_2
オートメーション,オートメーション,automation,JLPT JLPT_2
大凡,おおよそ,"about, approximately",JLPT JLPT_2
お帰り,おかえり,"return, welcome",JLPT JLPT_2
おかけください,おかけください,please sit down,JLPT JLPT_2
おかげさまで,おかげさまで,"Thanks to god, thanks to you",JLPT JLPT_2
おかず,おかず,"side dish, accompaniment for rice dishes",JLPT JLPT_2
おかまいなく,おかまいなく,please don't fuss over me,JLPT JLPT_2
拝む,おがむ,"to worship, to pray",JLPT JLPT_2
お代わり,おかわり,"second helping, another cup",JLPT JLPT_2
補う,おぎなう,to compensate for,JLPT JLPT_2
お気の毒に,おきのどくに,I'm sorry to hear that…,JLPT JLPT_2
屋外,おくがい,outdoors,JLPT JLPT_2
送り仮名,おくりがな,part of word written in kana,JLPT JLPT_2
お元気で,おげんきで,Take care',JLPT JLPT_2
怠る,おこたる,"to neglect, to fail",JLPT JLPT_2
お先に,おさきに,"before, after you",JLPT JLPT_2
伯父,おじ,(humble) uncle (older than one's parent),JLPT JLPT_2
叔父,おじ,uncle (younger than one's parent),JLPT JLPT_2
惜しい,おしい,"regrettable, disappointing",JLPT JLPT_2
伯父さん,おじさん,"(hon.) middle-aged gentleman, uncle",JLPT JLPT_2
小父さん,おじさん,"(hon.) middle-aged gentleman, uncle",JLPT JLPT_2
叔父さん,おじさん,"(hon.) middle-aged gentleman, uncle",JLPT JLPT_2
お邪魔します,おじゃまします,Excuse me for disturbing you,JLPT JLPT_2
お世話になりました,おせわになりました,I've been in your care,JLPT JLPT_2
お大事に,おだいじに,"Take care of yourself, Take care!, Get well soon",JLPT Genki_Ln.12 Intermediate_Japanese JLPT_2 Intermediate_Japanese_Ln.12 Genki
落着く,おちつく,"to calm down, to settle down",JLPT JLPT_2
お出掛け,おでかけ,outing,JLPT JLPT_2
お手伝いさん,おてつだいさん,maid,JLPT JLPT_2
脅かす,おどかす,"to threaten, to coerce",JLPT JLPT_2
落し物,おとしもの,lost property,JLPT JLPT_2
驚かす,おどろかす,"to surprise, to frighten",JLPT JLPT_2
お願いします,おねがいします,"Please (lit., I request)",JLPT JLPT_2 Intermediate_Japanese_Ln.1 Intermediate_Japanese
各々,おのおの,"each, every, either",JLPT JLPT_2
伯母,おば,(humble) aunt (older than one's parent),JLPT JLPT_2
叔母,おば,aunt (younger than one's parent),JLPT JLPT_2
小母さん,おばさん,"lady, woman, ma'am",JLPT JLPT_2
おはよう,おはよう,(abbr.) Good morning,JLPT JLPT_2
お参り,おまいり,"worship, shrine visit",JLPT JLPT_2
お待たせしました,おまたせしました,Sorry to have kept you waiting,JLPT JLPT_2
お待ちください,おまちください,Please wait a moment,JLPT JLPT_2
おまちどおさま,おまちどおさま,Sorry to have kept you waiting,JLPT JLPT_2
おめでたい,おめでたい,"happy event, matter for congratulation",JLPT JLPT_2
思い掛けない,おもいがけない,"unexpected, casual",JLPT JLPT_2
思い切り,おもいきり,"with all one's strength (heart), resignation, resolution",JLPT JLPT_2
思い込む,おもいこむ,"to be under impression that, to be convinced that",JLPT JLPT_2
思いっ切り,おもいっきり,"very, much, fully",JLPT JLPT_2
重たい,おもたい,"heavy, massive, serious",JLPT JLPT_2
お休み,おやすみ,"holiday, absence; (exp.) Good night",JLPT JLPT_2
おやつ,おやつ,"between meal snack, afternoon refreshment",JLPT JLPT_2
親指,おやゆび,thumb,JLPT JLPT_2
オルガン,オルガン,organ,JLPT JLPT_2
恩恵,おんけい,"blessing, benefit",JLPT JLPT_2
温室,おんしつ,greenhouse,JLPT JLPT_2
温泉,おんせん,"spa, hot spring",JLPT Intermediate_Japanese JLPT_2 Genki_Ln.9 Intermediate_Japanese_Ln.10 Genki
温帯,おんたい,temperate zone,JLPT JLPT_2
御中,おんちゅう,Messrs.,JLPT JLPT_2
女の人,おんなのひと,woman,Genki_Ln.7 JLPT JLPT_2 Genki
～日,～か,counter for days,JLPT JLPT_2
～下,～か,under ~,JLPT JLPT_2
～化,～か,action of making something,JLPT JLPT_2
～科,～か,"family, group, course",JLPT JLPT_2
～歌,～か,song of ~,JLPT JLPT_2
～画,～が,"picture, painting",JLPT_1 JLPT JLPT_2
カーブ,カーブ,curve; curve ball (baseball),JLPT JLPT_2
外～,がい～,"foreign ~, outside ~",JLPT JLPT_2
～外,～がい,out of ~,JLPT JLPT_2
開会,かいかい,opening of a meeting,JLPT JLPT_2
会館,かいかん,"meeting hall, assembly hall",JLPT JLPT_2
改札,かいさつ,examination of tickets,JLPT JLPT_2
解散,かいさん,"breakup, dissolution",JLPT JLPT_2
海水浴,かいすいよく,"sea bathing, seawater bath",JLPT JLPT_2
回数,かいすう,"number of times, frequency",JLPT JLPT_2
回数券,かいすうけん,book of tickets,JLPT JLPT_2
改正,かいせい,"revision, amendment, alteration",JLPT JLPT_2
快晴,かいせい,good weather,JLPT JLPT_2
解説,かいせつ,"explanation, commentary",JLPT JLPT_2
改造,かいぞう,remodeling,JLPT JLPT_2
開通,かいつう,"opening, open",JLPT JLPT_2
回転,かいてん,"rotation, turning",JLPT JLPT_2
解答,かいとう,"answer, solution",JLPT JLPT_2
回答,かいとう,"reply, answer",JLPT JLPT_2
外部,がいぶ,"the outside, external",JLPT JLPT_2
解放,かいほう,"release, liberation, emancipation",JLPT JLPT_2
開放,かいほう,"open, throw open, liberalization",JLPT JLPT_2
海洋,かいよう,ocean,JLPT JLPT_2
概論,がいろん,"introduction, general remark",JLPT JLPT_2
却って,かえって,"on the contrary, rather",JLPT JLPT_2
家屋,かおく,"house, building",JLPT JLPT_2
係わる,かかわる,"to concern oneself in, to be involved in",JLPT JLPT_2
書留,かきとめ,registered mail,JLPT JLPT_2
書取,かきとり,dictation,JLPT JLPT_2
垣根,かきね,hedge,JLPT JLPT_2
限り,かぎり,"limit(s), as far as possible",JLPT JLPT_2
各～,かく～,"every ~, each ~",JLPT JLPT_2
架空,かくう,"imaginary, fiction, fanciful",JLPT JLPT_2
各自,かくじ,"individual, each",JLPT JLPT_2
拡充,かくじゅう,expansion,JLPT JLPT_2
学術,がくじゅつ,"science, learning, scholarship",JLPT JLPT_2
各地,かくち,various parts of the country,JLPT JLPT_2 Intermediate_Japanese_Ln.10 Intermediate_Japanese
拡張,かくちょう,"expansion, extension",JLPT JLPT_2
角度,かくど,angle,JLPT JLPT_2
学年,がくねん,"year in school, grade in school",JLPT JLPT_2
格別,かくべつ,exceptional,JLPT JLPT_2
確率,かくりつ,probability,JLPT JLPT_2
学力,がくりょく,"scholarship, knowledge",JLPT JLPT_2
掛け算,かけざん,multiplication,JLPT JLPT_2
可決,かけつ,"approval, adoption (e.g., motion, bill), passage",JLPT JLPT_2
火口,かこう,crater (of a volcano),JLPT JLPT_2
下降,かこう,"decline, descent, fall",JLPT JLPT_2
火山,かざん,volcano,JLPT JLPT_2 Intermediate_Japanese_Ln.10 Intermediate_Japanese
かしこまりました,かしこまりました,Certainly,JLPT JLPT_2 Genki_Ln.20 Genki
貸し出し,かしだし,"lending, loaning",JLPT JLPT_2
過失,かしつ,"error, mistake, negligence",JLPT JLPT_2
果実,かじつ,fruit,JLPT JLPT_2
貸間,かしま,room to let,JLPT JLPT_2
貸家,かしや,house for rent,JLPT JLPT_2
箇所,かしょ,"place, point, part",JLPT JLPT_2
過剰,かじょう,"excess, over-",JLPT JLPT_2
かじる,かじる,"to chew, to bite (at)",JLPT JLPT_2
課税,かぜい,taxation,JLPT JLPT_2
下線,かせん,"underline, underscore",JLPT JLPT_2
カセット,カセット,cassette (tape),JLPT JLPT_2
加速,かそく,acceleration,JLPT JLPT_2
加速度,かそくど,acceleration,JLPT JLPT_2
塊,かたまり,"lump, mass, cluster",JLPT JLPT_2
固まる,かたまる,"to harden, to solidify, to become firm",JLPT JLPT_2
片道,かたみち,one-way (trip),JLPT JLPT_2
傾く,かたむく,"to incline toward, to slant, to lurch",JLPT JLPT_2
片寄る,かたよる,"to be one-sided, to incline, to be partial",JLPT JLPT_2
～がち,～がち,tend to do ~,JLPT JLPT_2
学科,がっか,"study subject, course of study",JLPT JLPT_2
学会,がっかい,academic conference,JLPT_2 JLPT Intermediate_Japanese_Ln.15 Intermediate_Japanese
学級,がっきゅう,class,JLPT JLPT_2
担ぐ,かつぐ,"to shoulder, to carry on shoulder",JLPT JLPT_2
括弧,かっこ,"parenthesis, brackets",JLPT JLPT_2
活字,かつじ,printing type,JLPT JLPT_2
勝手に,かってに,"arbitrarily,",JLPT JLPT_2
活力,かつりょく,"vitality, energy",JLPT JLPT_2
仮名,かな,kana,JLPT JLPT_2
仮名遣い,かなづかい,"kana orthography, syllabary spelling",JLPT JLPT_2
加熱,かねつ,heating,JLPT JLPT_2
兼ねる,かねる,to simultaneously serve two or more functions,JLPT JLPT_2
カバー,カバー,"cover (e.g., book)",JLPT JLPT_2
過半数,かはんすう,majority,JLPT JLPT_2
かび (～がはえる),かび (～がはえる),"mold, mildew",JLPT JLPT_2
被せる,かぶせる,to cover (with something),JLPT JLPT_2
釜,かま,"iron pot, kettle",JLPT JLPT_2
構いません,かまいません,it's all right; one doesn’t mind,Intermediate_Japanese_Ln.4 JLPT JLPT_2 Intermediate_Japanese
紙屑,かみくず,wastepaper,JLPT JLPT_2
神様,かみさま,god,JLPT JLPT_2 Genki_Ln.20 Genki
剃刀,かみそり,razor,JLPT JLPT_2
ガム,ガム,chewing gum,JLPT JLPT_2
貨物,かもつ,"cargo, freight",JLPT JLPT_2
カラー,カラー,"collar, color",JLPT JLPT_2
からかう,からかう,"to ridicule, to make fun of",JLPT JLPT_2
空っぽ,からっぽ,"empty, vacant, hollow",JLPT JLPT_2
かるた,かるた,playing cards (POR: carta),JLPT JLPT_2
枯れる,かれる,"to wither, to die (plant), to be blasted (plant)",JLPT JLPT_2
カロリー,カロリー,calorie,JLPT JLPT_2
可愛がる,かわいがる,"to love, to be affectionate",JLPT JLPT_2
為替,かわせ,"money order, exchange",JLPT JLPT_2
瓦,かわら,roof tile,JLPT JLPT_2
～刊,～かん,"~ issued (magazine, newspaper)",JLPT JLPT_2
～間,～かん,"between, during",JLPT JLPT_2
～巻,～かん,volume,JLPT JLPT_2
～館,～かん,"~ hall, ~ building",JLPT JLPT_2
～感,～かん,"feeling, sense, impression",JLPT JLPT_2
換気,かんき,ventilation,JLPT JLPT_2
感激,かんげき,"deep emotion, impression, inspiration",JLPT JLPT_2
関西,かんさい,"south-western half of Japan, including Osaka",JLPT JLPT_2
元日,がんじつ,New Year's Day,JLPT JLPT_2
鑑賞,かんしょう,appreciation,JLPT JLPT_2
感ずる,かんずる,"to feel, to sense",JLPT JLPT_2
間接,かんせつ,"indirect, indirectness",JLPT JLPT_2
観測,かんそく,observation,JLPT JLPT_2
寒帯,かんたい,frigid zone,JLPT JLPT_2
官庁,かんちょう,"government office, authorities",JLPT JLPT_2
勘違い,かんちがい,"misunderstanding, wrong guess",JLPT JLPT_2
缶詰,かんづめ,"canning, canned goods,",JLPT JLPT_2
乾電池,かんでんち,"dry cell, battery",JLPT JLPT_2
関東,かんとう,"eastern half of Japan, including Tokyo",JLPT JLPT_2
観念,かんねん,"idea, notion; sense",JLPT JLPT_2
乾杯,かんぱい,Cheers! (a toast),JLPT_2 JLPT Genki_Ln.8 Genki
看板,かんばん,"sign, signboard",JLPT JLPT_2
看病,かんびょう,nursing (a patient),JLPT JLPT_2
冠,かんむり,"crown, wreath",JLPT JLPT_2
漢和,かんわ,"Chinese Character-Japanese (e.g., dictionary)",JLPT JLPT_2
～期,～き,"~age, ~period",JLPT JLPT_2
～器,～き,"device, equipment",JLPT JLPT_2
～機,～き,machine,JLPT JLPT_2
気圧,きあつ,atmospheric pressure,JLPT JLPT_2
着替え,きがえ,"changing clothes, change of clothes",JLPT JLPT_2
着替える,きがえる,to change (one's) clothes,JLPT Intermediate_Japanese JLPT_2 Genki Intermediate_Japanese_Ln.10 Genki_Ln.21
機関車,きかんしゃ,"locomotive, engine",JLPT JLPT_2
飢饉,ききん,famine,JLPT JLPT_2
器具,きぐ,instrument,JLPT JLPT_2
記号,きごう,"symbol, code",JLPT JLPT_2
刻む,きざむ,"to mince, to carve, to engrave",JLPT JLPT_2
儀式,ぎしき,"ceremony, rite, ritual",JLPT JLPT_2
基準,きじゅん,"standard, basis, criteria",JLPT JLPT_2
規準,きじゅん,"standard, basis, criteria",JLPT JLPT_2
起床,きしょう,"rising, getting out of bed",JLPT JLPT_2
着せる,きせる,to put on clothes,JLPT JLPT_2
基礎,きそ,"foundation, basis",JLPT JLPT_2
基地,きち,base,JLPT JLPT_2
きっかけ,きっかけ,"prompt, trigger, cue",JLPT JLPT_2
ぎっしり,ぎっしり,"tightly, fully",JLPT JLPT_2
基盤,きばん,"foundation, basis",JLPT JLPT_2
～気味,～ぎみ,slightly ~,JLPT JLPT_2
客席,きゃくせき,guest seating,JLPT JLPT_2
客間,きゃくま,"parlor, guest room",JLPT JLPT_2
ギャング,ギャング,gang,JLPT JLPT_2
キャンパス,キャンパス,campus,JLPT JLPT_2
休業,きゅうぎょう,"closure, shutdown, holiday",JLPT JLPT_2
休講,きゅうこう,lecture canceled,JLPT JLPT_2
給与,きゅうよ,salary,JLPT JLPT_2
休養,きゅうよう,"rest, break, recreation",JLPT JLPT_2
清い,きよい,"clear, pure, noble",JLPT JLPT_2
～教,～きょう,religion,JLPT JLPT_2
～行,～ぎょう,"line, row",JLPT JLPT_2
～業,～ぎょう,type of business,JLPT JLPT_2
強化,きょうか,"strengthen, intensify, reinforce",JLPT JLPT_2
境界,きょうかい,boundary,JLPT JLPT_2
共産～,きょうさん～,communist ~,JLPT JLPT_2
行事,ぎょうじ,"event, function",JLPT JLPT_2
恐縮,きょうしゅく,sorry to trouble,JLPT JLPT_2
教養,きょうよう,"culture, education, sophistication",JLPT JLPT_2
行列,ぎょうれつ,"line, procession; matrix (math)",JLPT JLPT_2
漁業,ぎょぎょう,fishing (industry),JLPT JLPT_2
曲線,きょくせん,curve,JLPT JLPT_2
規律,きりつ,"order, rules, law",JLPT JLPT_2
斬る,きる,"to behead, to murder",JLPT JLPT_2
～きる,～きる,"nevertheless, to carry through",JLPT JLPT_2
～切れ,～きれ,out of ~,JLPT JLPT_2
気を付ける,きをつける,"to be careful, to pay attention, to take care",JLPT JLPT_2
金魚,きんぎょ,goldfish,JLPT JLPT_2
区域,くいき,"zone, district, area",JLPT JLPT_2
空～,くう～,empty ~,JLPT JLPT_2
偶数,ぐうすう,even number,JLPT JLPT_2
空想,くうそう,"daydream, fantasy",JLPT JLPT_2
空中,くうちゅう,"sky, air",JLPT JLPT_2
クーラー,クーラー,air conditioner,JLPT JLPT_2
釘,くぎ,nail,JLPT JLPT_2
区切る,くぎる,"to punctuate, to cut off, to mark off",JLPT JLPT_2
櫛,くし,comb,JLPT JLPT_2
くしゃみ,くしゃみ,sneeze,JLPT JLPT_2
苦情,くじょう,"complaint, grievance, grumble",JLPT JLPT_2
苦心,くしん,"pain, trouble",JLPT JLPT_2
屑,くず,"waste, scrap",JLPT JLPT_2
崩す,くずす,"to destroy, to make change (money)",JLPT JLPT_2
薬指,くすりゆび,ring finger,JLPT JLPT_2
崩れる,くずれる,"to collapse, to crumble",JLPT JLPT_2
砕く,くだく,"to break, to smash",JLPT JLPT_2
砕ける,くだける,"to break, to be broken",JLPT JLPT_2
くたびれる,くたびれる,"to get tired, to wear out",JLPT JLPT_2
くだらない,くだらない,"good-for-nothing, stupid, worthless",JLPT JLPT_2
～口,～くち,"~ opening; ~ entrance, ~ exit",JLPT JLPT_2
唇,くちびる,lip,JLPT JLPT_2
口紅,くちべに,lipstick,JLPT JLPT_2
くっつく,くっつく,"to adhere to, to keep close to",JLPT JLPT_2
くっつける,くっつける,to attach,JLPT JLPT_2
くどい,くどい,"verbose, importunate, heavy (taste)",JLPT JLPT_2
句読点,くとうてん,punctuation marks,JLPT JLPT_2
配る,くばる,"to distribute, to deliver",JLPT JLPT_2
工夫,くふう,"device, artifice, ingenuity",JLPT JLPT_2
区分,くぶん,"division, section, classification",JLPT JLPT_2
組合せ,くみあわせ,combination,JLPT JLPT_2
組み立てる,くみたてる,"to assemble, to set up, to construct",JLPT JLPT_2
悔やむ,くやむ,"to regret, to mourn",JLPT JLPT_2 Intermediate_Japanese Intermediate_Japanese_Ln.11
クリーニング,クリーニング,"cleaning, dry cleaning, laundry service",JLPT JLPT_2
くるむ,くるむ,"to be enveloped by, to wrap up",JLPT JLPT_2
くれぐれも,くれぐれも,"repeatedly, sincerely, earnestly",JLPT JLPT_2
～家,～け,"~'s family, the house of ~",JLPT JLPT_2
～形,～けい,shape of ~,JLPT JLPT_2
～系,～けい,"~ system, ~ lineage, ~ group",JLPT_1 JLPT JLPT_2
稽古,けいこ,"practice, training, study",JLPT JLPT_2
敬語,けいご,"honorific language (lit., respect language)",JLPT Intermediate_Japanese Genki_Ln.19 JLPT_2 Intermediate_Japanese_Ln.13 Genki
蛍光灯,けいこうとう,fluorescent lamp,JLPT JLPT_2
形式,けいしき,"form, formality, format",JLPT JLPT_2
継続,けいぞく,continuation,JLPT JLPT_2
毛糸,けいと,knitting wool,JLPT JLPT_2
経度,けいど,longitude,JLPT JLPT_2
系統,けいとう,"system, genealogy",JLPT JLPT_2
芸能,げいのう,"public entertainment, performing arts",JLPT JLPT_2
競馬,けいば,horse racing,JLPT JLPT_2
警備,けいび,"defense, guard, policing, security",JLPT JLPT_2
形容詞,けいようし,adjective,JLPT JLPT_2
形容動詞,けいようどうし,"adjectival noun, quasi-adjective",JLPT JLPT_2
外科,げか,surgical department,JLPT JLPT_2
毛皮,けがわ,"fur, skin, pelt",JLPT JLPT_2
激増,げきぞう,sudden increase,JLPT JLPT_2
下車,げしゃ,"alighting, getting off",JLPT JLPT_2
下旬,げじゅん,month (last third of),JLPT JLPT_2
下水,げすい,"drainage, sewage, ditch, gutter, sewerage",JLPT JLPT_2
削る,けずる,"to cut down little by little, to take a percentage",JLPT JLPT_2
桁,けた,"column, beam, digit",JLPT JLPT_2
下駄,げた,"(Japanese footwear), wooden clogs",JLPT JLPT_2
血圧,けつあつ,blood pressure,JLPT JLPT_2
月給,げっきゅう,monthly salary,JLPT JLPT_2
傑作,けっさく,"masterpiece, best work",JLPT JLPT_2
月末,げつまつ,end of the month,JLPT JLPT_2
気配,けはい,"indication, sign, hint",JLPT JLPT_2
下品,げひん,"vulgar, indecent, coarse",JLPT JLPT_2
煙い,けむい,smoky,JLPT JLPT_2
険しい,けわしい,"steep, rugged; severe",JLPT JLPT_2
～圏,～けん,"bloc, sphere, area",JLPT_1 JLPT JLPT_2
現～,げん～,"present, incumbent",JLPT JLPT_2
見学,けんがく,"tour, study by observation",JLPT JLPT_2
謙虚,けんきょ,"modesty, humble",JLPT JLPT_2
原稿,げんこう,"manuscript, copy",JLPT JLPT_2
原産,げんさん,place of origin,JLPT JLPT_2
原始,げんし,"origin, primeval",JLPT JLPT_2
研修,けんしゅう,training,JLPT JLPT_2
厳重,げんじゅう,"strict, severe, firm",JLPT JLPT_2
謙遜,けんそん,"humble, humility, modesty",JLPT JLPT_2
県庁,けんちょう,prefectural office,JLPT JLPT_2
限度,げんど,"limit, bounds",JLPT JLPT_2
現に,げんに,"actually, really",JLPT JLPT_2
顕微鏡,けんびきょう,microscope,JLPT JLPT_2
懸命,けんめい,"eagerness, strenuous",JLPT JLPT_2
原理,げんり,"principle, theory, fundamental truth",JLPT JLPT_2
原料,げんりょう,raw materials,JLPT JLPT_2
小～,こ～,small ~,JLPT JLPT_2
恋しい,こいしい,"dear, beloved; to miss",JLPT JLPT_2
高～,こう～,high (level) ~,JLPT JLPT_2
～校,～こう,counter for school,JLPT JLPT_2
～港,～こう,~ port,JLPT JLPT_2
～号,～ごう,counter for magazine; the name of ship,JLPT JLPT_2
工員,こういん,factory worker,JLPT JLPT_2
強引,ごういん,"forcible, assertive, pushy",JLPT JLPT_2
公害,こうがい,"public nuisance, pollution",JLPT JLPT_2
高級,こうきゅう,high class; first-rate,Intermediate_Japanese_Ln.6 JLPT_2 JLPT Intermediate_Japanese
公共,こうきょう,"public, community, communal",JLPT JLPT_2
工芸,こうげい,industrial arts,JLPT JLPT_2
孝行,こうこう,filial piety,JLPT JLPT_2
交差,こうさ,cross,JLPT JLPT_2
講師,こうし,lecturer,JLPT_2 JLPT Intermediate_Japanese_Ln.15 Intermediate_Japanese
工事,こうじ,construction work,JLPT JLPT_2
公式,こうしき,"formula, formality, official",JLPT JLPT_2
口実,こうじつ,excuse,JLPT JLPT_2
こうして,こうして,"like this, with this",JLPT JLPT_2
公衆,こうしゅう,the public,JLPT JLPT_2
香水,こうすい,perfume,JLPT JLPT_2
功績,こうせき,"achievements, merit",JLPT JLPT_2
光線,こうせん,"beam, light ray",JLPT JLPT_2
高層,こうそう,"tall, high rise",JLPT JLPT_2
構造,こうぞう,"structure, construction",JLPT JLPT_2
交替,こうたい,"change, relief, alteration",JLPT JLPT_2
耕地,こうち,arable land,JLPT JLPT_2
交通機関,こうつうきかん,transportation facilities,JLPT JLPT_2
校庭,こうてい,school yard,JLPT JLPT_2
肯定,こうてい,"positive, affirmation",JLPT JLPT_2
高度,こうど,"altitude, height; advanced",JLPT JLPT_2
高等,こうとう,"high class, high grade",JLPT JLPT_2
合同,ごうどう,"combination, incorporation",JLPT JLPT_2
高等学校,こうとうがっこう,senior high school,JLPT JLPT_2
公表,こうひょう,"official announcement, proclamation",JLPT JLPT_2
鉱物,こうぶつ,mineral,JLPT JLPT_2
公務,こうむ,"official business, public business",JLPT JLPT_2
項目,こうもく,item,JLPT JLPT_2
紅葉,こうよう,fall colors (of leaves),Intermediate_Japanese_Ln.4 JLPT JLPT_2 Intermediate_Japanese
合理,ごうり,rational,JLPT JLPT_2
交流,こうりゅう,exchange; alternating current,JLPT JLPT_2
合流,ごうりゅう,"confluence, merge, join",JLPT JLPT_2
効力,こうりょく,"effect, efficacy",JLPT JLPT_2
コース,コース,course,JLPT JLPT_2
コーラス,コーラス,chorus,JLPT JLPT_2
焦がす,こがす,"to burn, to scorch",JLPT JLPT_2
～国,～こく,nation of ~,JLPT JLPT_2
国王,こくおう,king,JLPT JLPT_2
国立,こくりつ,national,JLPT JLPT_2
ご苦労様,ごくろうさま,Thank you for your had work,JLPT JLPT_2
焦げる,こげる,"to burn, to be burned",JLPT JLPT_2
凍える,こごえる,"to freeze, to be chilled, to be frozen",JLPT JLPT_2
心当たり,こころあたり,"having some knowledge of, happening to know",JLPT JLPT_2
心得る,こころえる,"to understand, to have thorough knowledge",JLPT JLPT_2
腰掛け,こしかけ,"seat, bench",JLPT JLPT_2
腰掛ける,こしかける,to sit (down),JLPT JLPT_2
五十音,ごじゅうおん,the Japanese syllabary,JLPT JLPT_2
こしらえる,こしらえる,"to make, to manufacture",JLPT JLPT_2
擦る,こする,"to rub, to chafe, to file, to frost (glass), to strike (match)",JLPT JLPT_2
個体,こたい,an individual,JLPT JLPT_2
ごちそうさま,ごちそうさま,Thank you for the meal,JLPT JLPT_2
こちらこそ,こちらこそ,it is I who should say so,JLPT JLPT_2
小遣い,こづかい,"pocket money, allowance",JLPT JLPT_2
コック,コック,"cook; tap, cock",JLPT JLPT_2
こっそり,こっそり,"stealthily, secretly",JLPT JLPT_2
古典,こてん,"classics, classic",JLPT JLPT_2
～毎,～ごと,"every ~, each ~",JLPT JLPT_2
〜 (まる) ごと,〜 (まる) ごと,"whole ~, all of ~",JLPT JLPT_2
言付ける,ことづける,to leave a message,JLPT JLPT_2
言葉遣い,ことばづかい,"speech, expression, wording",JLPT JLPT_2
こないだ,こないだ,"the other day, lately, recently",JLPT JLPT_2
御無沙汰,ごぶさた,not writing or contacting for a while,JLPT JLPT_2
ゴム,ゴム,"gum, rubber",JLPT JLPT_2
御免,ごめん,"declining (something); pardon, sorry",JLPT JLPT_2
ごめんください,ごめんください,"May I come in, Is anyone here",JLPT JLPT_2
小指,こゆび,little finger,JLPT JLPT_2
堪える,こらえる,"to bear, to endure, to put up with",JLPT JLPT_2
娯楽,ごらく,"pleasure, amusement, recreation",JLPT JLPT_2
御覧,ごらん,"(hon.) look, inspection, try",JLPT JLPT_2
コレクション,コレクション,collection; correction,JLPT JLPT_2
転がす,ころがす,to roll,JLPT JLPT_2
転がる,ころがる,"to roll, to tumble",JLPT JLPT_2
紺,こん,"navy blue, deep blue",JLPT JLPT_2 Intermediate_Japanese_Ln.9 Intermediate_Japanese
今～,こん～,"this, current",JLPT JLPT_2
コンクール,コンクール,contest (FRE: concours),JLPT JLPT_2
コンクリート,コンクリート,concrete,JLPT JLPT_2
混合,こんごう,"mixing, mixture",JLPT JLPT_2
コンセント,コンセント,consent; power outlet,JLPT JLPT_2
献立,こんだて,menu,JLPT JLPT_2
こんばんは,こんばんは,good evening,JLPT JLPT_2
サークル,サークル,"circle, sports club (e.g., at a company)",JLPT JLPT_2
再～,さい～,re ~,JLPT JLPT_2
最～,さい～,the most ~,JLPT JLPT_2
在学,ざいがく,(enrolled) in school,JLPT JLPT_2
再三,さいさん,"again and again, repeatedly",JLPT JLPT_2
祭日,さいじつ,"national holiday, festival day",JLPT JLPT_2
催促,さいそく,"demand, urge (action), press for",JLPT JLPT_2
採点,さいてん,"marking, grading",JLPT JLPT_2
災難,さいなん,"calamity, misfortune",JLPT JLPT_2
裁縫,さいほう,sewing,JLPT JLPT_2
材木,ざいもく,"lumber, timber",JLPT JLPT_2
サイレン,サイレン,siren,JLPT JLPT_2
逆さ,さかさ,"reverse, upside down",JLPT JLPT_2
逆様,さかさま,"reverse, upside down",JLPT JLPT_2
捜す,さがす,"to search, to seek, to look for",JLPT JLPT_2
遡る,さかのぼる,"to go back, to date back; ascend",JLPT JLPT_2
酒場,さかば,"bar, bar-room",JLPT JLPT_2
一昨昨日,さきおととい,"two days before yesterday, three days ago",JLPT JLPT_2
先程,さきほど,a little while ago,JLPT JLPT_2
索引,さくいん,"index, indices",JLPT JLPT_2
作者,さくしゃ,"author, artist",JLPT JLPT_2
削除,さくじょ,"elimination, deletion",JLPT JLPT_2
作成,さくせい,"creation, preparation, to make",JLPT JLPT_2
作製,さくせい,"manufacture, production",JLPT JLPT_2
探る,さぐる,"to search, to look for, investigate",JLPT JLPT_2
囁く,ささやく,"to whisper, to murmur",JLPT JLPT_2
匙,さじ,spoon,JLPT JLPT_2
座敷,ざしき,tatami room,JLPT JLPT_2
差し支え,さしつかえ,"hindrance, impediment",JLPT JLPT_2
差し引き,さしひき,"deduction, balance",JLPT_1 JLPT JLPT_2
刺身,さしみ,sliced raw fish,JLPT JLPT_2
(かさを～) さす,(かさを～) さす,to open; hold (an umbrella),JLPT JLPT_2 MediaMissing
流石,さすが,"indeed, truly, as one would expect",JLPT JLPT_2
撮影,さつえい,photographing,JLPT JLPT_2
雑音,ざつおん,"noise (jarring, grating)",JLPT JLPT_2
さっさと,さっさと,quickly,JLPT JLPT_2
早速,さっそく,"at once, immediately, promptly",JLPT JLPT_2
錆,さび,rust (color),JLPT JLPT_2
錆びる,さびる,"to rust, to become rusty",JLPT JLPT_2
座布団,ざぶとん,cushion (Japanese),JLPT JLPT_2
妨げる,さまたげる,"to disturb, to prevent",JLPT JLPT_2
さようなら,さようなら,good-bye,JLPT JLPT_2
サラリーマン,サラリーマン,salaryman; company employee,Genki_Ln.17 JLPT JLPT_2 Genki
騒がしい,さわがしい,noisy,JLPT JLPT_2
さわやか,さわやか,"fresh, refreshing",JLPT JLPT_2
～山,～さん,the name of mountain,JLPT JLPT_2
～産,～さん,made in ~,JLPT JLPT_2
三角,さんかく,"triangle, triangular",JLPT JLPT_2
算数,さんすう,arithmetic,JLPT JLPT_2
産地,さんち,producing area,JLPT JLPT_2
サンプル,サンプル,sample,JLPT JLPT_2
山林,さんりん,mountain forest,JLPT JLPT_2
～史,～し,history of ~,JLPT JLPT_2
～紙,～し,"newspaper, type of paper",JLPT JLPT_2
～寺,～じ,the name of temple,JLPT JLPT_2
仕上がる,しあがる,to be finished,JLPT JLPT_2
明明後日,しあさって,two days after tomorrow,JLPT JLPT_2
シーズン,シーズン,season (sporting),JLPT JLPT_2
シーツ,シーツ,sheet,JLPT JLPT_2
寺院,じいん,temple,JLPT JLPT_2
しいんと (する),しいんと (する),"silent (as the grave), (deathly) quiet",JLPT JLPT_2
自衛,じえい,self-defense,JLPT JLPT_2
塩辛い,しおからい,salty (taste),JLPT JLPT_2
司会,しかい,"host, chairperson",JLPT JLPT_2
四角い,しかくい,square,JLPT JLPT_2
仕方がない,しかたがない,"it can't be helped, it's inevitable",JLPT JLPT_2
～時間目,～じかんめ,"~th hour, ~th period",JLPT JLPT_2
時間割,じかんわり,"timetable, schedule",JLPT JLPT_2
〜(日本) 式,～(にほん) しき,"custom,",JLPT JLPT_2 MediaMissing
敷地,しきち,site,JLPT JLPT_2
敷く,しく,"to spread out, to lay out",JLPT JLPT_2
茂る,しげる,to grow thick,JLPT JLPT_2
持参,じさん,"bringing, taking, carrying",JLPT JLPT_2
磁石,じしゃく,magnet,JLPT JLPT_2
四捨五入,ししゃごにゅう,rounding up (fractions),JLPT JLPT_2
始終,しじゅう,"continuously, always, constantly",JLPT JLPT_2
自習,じしゅう,self-study,JLPT JLPT_2 Intermediate_Japanese_Ln.13 Intermediate_Japanese
静まる,しずまる,"to quieten down, to calm down",JLPT JLPT_2
姿勢,しせい,attitude; posture,JLPT JLPT_2
自然科学,しぜんかがく,natural science,JLPT JLPT_2
時速,じそく,speed (per hour),JLPT JLPT_2
子孫,しそん,"descendant, offspring",JLPT JLPT_2
死体,したい,corpse,JLPT JLPT_2
下書き,したがき,"rough copy, draft",JLPT JLPT_2
自宅,じたく,one's own home (same as 自分の家 (じぶんのいえ)),Intermediate_Japanese_Ln.5 JLPT JLPT_2 Intermediate_Japanese
下町,したまち,old parts of town,JLPT JLPT_2
自治,じち,"self-government, autonomy",JLPT JLPT_2
室～,しつ～,room,JLPT JLPT_2
～室,～しつ,counter for room,JLPT JLPT_2
～日,～じつ,day,JLPT JLPT_2
実感,じっかん,"feelings, realization",JLPT JLPT_2
湿気,しっき,"moisture, humidity, dampness",JLPT JLPT_2
しつこい,しつこい,"insistent, obstinate",JLPT JLPT_2
実習,じっしゅう,"practice, training",JLPT JLPT_2
実績,じっせき,"achievements, actual results",JLPT JLPT_2
執筆,しっぴつ,writing,JLPT JLPT_2
実物,じつぶつ,an actual thing,Intermediate_Japanese_Ln.6 JLPT_2 JLPT Intermediate_Japanese
しっぽ,しっぽ,tail (animal),JLPT JLPT_2
実用,じつよう,"practical use, utility",JLPT JLPT_2
しつれいしました (かん),しつれいしました (かん),"Excuse me., I'm sorry.",JLPT JLPT_2
実例,じつれい,"example, instance",JLPT JLPT_2
失恋,しつれん,"broken heart, unrequited love",JLPT JLPT_2
指定,してい,"designation, specification, assignment",JLPT JLPT_2
私鉄,してつ,private railway,JLPT JLPT_2
縛る,しばる,"to tie, to bind",JLPT JLPT_2
地盤,じばん,(the) ground,JLPT JLPT_2
しびれる,しびれる,to become numb,JLPT JLPT_2
紙幣,しへい,"paper money, notes, bills",JLPT JLPT_2
しぼむ,しぼむ,"to wither, to shrivel",JLPT JLPT_2
絞る,しぼる,"to press, to wring, to squeeze",JLPT JLPT_2
縞,しま,stripe,JLPT JLPT_2
～おしまい (おわり),～おしまい (おわり),end up ~,JLPT JLPT_2
しみじみ,しみじみ,"keenly, deeply, heartily",JLPT JLPT_2
氏名,しめい,full name,JLPT JLPT_2
締切,しめきり,deadline,JLPT JLPT_2 Intermediate_Japanese Intermediate_Japanese_Ln.3
締め切る,しめきる,"to close, cancel",JLPT JLPT_2
しめた (かん),しめた (かん),"I've got it, all right, fine",JLPT JLPT_2
地面,じめん,"ground, earth's surface",JLPT JLPT_2
～車,～しゃ,~ car,JLPT JLPT_2
～者,～しゃ,person,JLPT JLPT_2
～社,～しゃ,counter for company,JLPT JLPT_2
ジャーナリスト,ジャーナリスト,journalist,JLPT JLPT_2
社会科学,しゃかいかがく,social science,JLPT JLPT_2
しゃがむ,しゃがむ,to squat,JLPT JLPT_2
蛇口,じゃぐち,"faucet, tap",JLPT JLPT_2
弱点,じゃくてん,"weak point, weakness",JLPT JLPT_2
車庫,しゃこ,"garage, car shed",JLPT JLPT_2
車掌,しゃしょう,(train) conductor,JLPT JLPT_2
写生,しゃせい,"sketching, drawing from nature",JLPT JLPT_2
社説,しゃせつ,editorial,JLPT JLPT_2
しゃっくり,しゃっくり,"hiccough, hiccup",JLPT JLPT_2
シャッター,シャッター,shutter,JLPT JLPT_2
しゃぶる,しゃぶる,"to suck, to chew",JLPT JLPT_2
車輪,しゃりん,(car) wheel,JLPT JLPT_2
洒落,しゃれ,"joke, pun, witticism",JLPT JLPT_2
じゃんけん,じゃんけん,rock-scissors-paper game,JLPT JLPT_2
～手,～しゅ,"~ player, person who does ~",JLPT JLPT_2
～酒,～しゅ,kind of alcohol,JLPT JLPT_2
～集,～しゅう,collection of ~,JLPT JLPT_2
重～,じゅう～,heavy ~,JLPT JLPT_2
集会,しゅうかい,"meeting, assembly",JLPT JLPT_2
集金,しゅうきん,money collection,JLPT JLPT_2
集合,しゅうごう,"gathering, assembly",JLPT JLPT_2
習字,しゅうじ,penmanship,JLPT JLPT_2
修繕,しゅうぜん,"repair, mending",JLPT JLPT_2
じゅうたん (カーペット),じゅうたん (カーペット),carpet,JLPT JLPT_2
終点,しゅうてん,"terminus, last stop (e.g train)",JLPT JLPT_2
重点,じゅうてん,"important point, lay stress on, emphasis",JLPT JLPT_2
リズム,リズム,rhythm,JLPT JLPT_2
リットル,リットル,liter,JLPT JLPT_2
リボン,リボン,ribbon,JLPT JLPT_2
略す,りゃくす,to abbreviate,JLPT JLPT_2
～流,～りゅう,"fashion, manner, way",JLPT JLPT_2
流域,りゅういき,(river) basin,JLPT JLPT_2
両～,りょう～,both ~,JLPT JLPT_2
～料,～りょう,"fare, charge",JLPT JLPT_2
～領,～りょう,territory,JLPT JLPT_2
両側,りょうがわ,both sides,JLPT JLPT_2
漁師,りょうし,fisherman,JLPT JLPT_2
領事,りょうじ,consul,JLPT JLPT_2
領収,りょうしゅう,"receipt, voucher",JLPT JLPT_2
～力,～りょく,power of ~,JLPT JLPT_2
臨時,りんじ,"temporary, special, extraordinary",JLPT JLPT_2
留守番,るすばん,"care-taking, caretaker, house-watching",JLPT JLPT_2 Genki_Ln.23 Genki
零点,れいてん,"zero, no marks",JLPT JLPT_2
冷凍,れいとう,"freezing, cold storage, refrigeration",JLPT JLPT_2
レインコート,レインコート,raincoat,JLPT JLPT_2
レクリェーション,レクリェーション,recreation,JLPT JLPT_2
レジャー,レジャー,leisure,JLPT JLPT_2
列島,れっとう,chain of islands,JLPT JLPT_2
リポート,リポート,"report, paper",JLPT JLPT_2
煉瓦,れんが,brick,JLPT JLPT_2
連合,れんごう,"union, alliance",JLPT JLPT_2
レンズ,レンズ,lens,JLPT JLPT_2
ろうそく,ろうそく,candle,JLPT_2 JLPT Genki_Ln.18 Genki
ローマ字,ローマじ,"romanization, Roman letters (alphabet)",JLPT_2 JLPT Intermediate_Japanese_Ln.15 Intermediate_Japanese
録音,ろくおん,(audio) recording,JLPT JLPT_2
ロッカー,ロッカー,locker,JLPT JLPT_2
ロビー,ロビー,lobby,JLPT JLPT_2
～論,～ろん,theory,JLPT JLPT_2
論ずる,ろんずる,"to argue, to discuss",JLPT JLPT_2
和～,わ～,Japanese style,JLPT JLPT_2
～羽,～わ,counter for rabbits; birds,JLPT JLPT_2
和英,わえい,Japanese-English,JLPT JLPT_2
我～,わが～,our ~,JLPT JLPT_2
若々しい,わかわかしい,"youthful, young",JLPT JLPT_2
詫びる,わびる,to apologize,JLPT JLPT_2
和服,わふく,Japanese clothes,JLPT JLPT_2
割合に,わりあいに,"relatively, comparatively",JLPT JLPT_2
割算,わりざん,division (math),JLPT JLPT_2
割と,わりと,"relatively, comparatively",JLPT JLPT_2
割引,わりびき,discount,JLPT JLPT_2
ワンピース,ワンピース,one-piece dress,JLPT JLPT_2
アイデア; アイディア,アイデア; アイディア,idea,JLPT JLPT_2
あいまい,あいまい,"vague, ambiguous",JLPT JLPT_2
扇ぐ,あおぐ,"to fan, to flap",JLPT JLPT_2
青白い,あおじろい,pale,JLPT JLPT_2
呆れる,あきれる,"to be shocked, to be appalled",JLPT JLPT_2
アクセント,アクセント,accent,JLPT JLPT_2
あくび,あくび,yawn,JLPT JLPT_2
飽くまで,あくまで,"to the end, to the last, stubbornly",JLPT JLPT_2
明くる～,あくる～,"next, following",JLPT JLPT_2
明け方,あけがた,dawn,JLPT JLPT_2
憧れる,あこがれる,"to long for, to yearn after",JLPT JLPT_2
朝寝坊,あさねぼう,"oversleeping, late riser",JLPT JLPT_2
足跡,あしあと,footprint,JLPT JLPT_2
足元,あしもと,at one's feet,JLPT JLPT_2
味わう,あじわう,"to taste, to savor",JLPT JLPT_2
あちらこちら,あちらこちら,here and there,JLPT JLPT_2
厚かましい,あつかましい,"impudent, shameless,",JLPT JLPT_2
圧縮,あっしゅく,"compression, condensation, pressure",JLPT JLPT_2
宛名,あてな,"address, direction",JLPT JLPT_2
当てはまる,あてはまる,"to be applicable, to come under (a category)",JLPT JLPT_2
当てはめる,あてはめる,"to apply, to adapt",JLPT JLPT_2
暴れる,あばれる,"to act violently, to rage",JLPT JLPT_2
あぶる,あぶる,"to scorch, to roast",JLPT JLPT_2
あふれる,あふれる,"to flood, to overflow",JLPT JLPT_2
雨戸,あまど,sliding storm door,JLPT JLPT_2
甘やかす,あまやかす,"to pamper, to spoil",JLPT JLPT_2
余る,あまる,"to be left over, to be in excess",JLPT JLPT_2
編み物,あみもの,knitting,JLPT JLPT_2
編む,あむ,to knit,Genki Genki_Ln.13 JLPT JLPT_2
危うい,あやうい,"dangerous, critical",JLPT JLPT_2
怪しい,あやしい,"suspicious, dubious, doubtful",JLPT JLPT_2
荒い,あらい,"rough, rude, wild",JLPT JLPT_2
粗い,あらい,"coarse, rough",JLPT JLPT_2
粗筋,あらすじ,"outline, synopsis",JLPT JLPT_2
改めて,あらためて,"another time, again",JLPT JLPT_2
改める,あらためる,"to change, to reform, to revise",JLPT JLPT_2
有難い,ありがたい,"grateful, thankful, appreciated",JLPT JLPT_2
あれこれ,あれこれ,"one thing or another, this and that",JLPT JLPT_2
荒れる,あれる,"to be stormy, to be rough, to be ruined",JLPT JLPT_2
慌ただしい,あわただしい,"busy, hurried",JLPT JLPT_2
安易,あんい,easy-going,JLPT JLPT_2
アンテナ,アンテナ,antenna,JLPT JLPT_2
～位,～い,~th place,JLPT JLPT_2
言い出す,いいだす,"to start talking, to suggest",JLPT JLPT_2
言い付ける,いいつける,"to tell, to order",JLPT JLPT_2
意義,いぎ,"meaning, significance",JLPT JLPT_2
生き生き,いきいき,"vividly, lively",JLPT JLPT_2
いきなり,いきなり,all of a sudden,Intermediate_Japanese Intermediate_Japanese_Ln.13 JLPT JLPT_2
幾～,いく～,several ~,JLPT JLPT_2
育児,いくじ,"childcare, nursing",Intermediate_Japanese Intermediate_Japanese_Ln.14 JLPT JLPT_2
幾分,いくぶん,somewhat,JLPT JLPT_2
生け花,いけばな,flower arrangement,JLPT JLPT_2
以後,いご,after this; from now on; hereafter,JLPT JLPT_2 Intermediate_Japanese_Ln.8 Intermediate_Japanese
以降,いこう,"on and after, hereafter",JLPT JLPT_2
イコール,イコール,equal,JLPT JLPT_2
勇ましい,いさましい,"brave, valiant",JLPT JLPT_2
衣食住,いしょくじゅう,"food, clothing and shelter",JLPT JLPT_2
～いち (にほんいち),～いち (にほんいち),No. 1 ~ (in),JLPT JLPT_2
いちいち,いちいち,"one by one, separately",JLPT JLPT_2
一応,いちおう,"tentatively, for the time being",JLPT JLPT_2
一段と,いちだんと,"by far, greater",JLPT_2 JLPT Intermediate_Japanese_Ln.15 Intermediate_Japanese
一流,いちりゅう,"first class, leading",JLPT JLPT_2
一昨日,いっさくじつ,day before yesterday,JLPT JLPT_2
一昨年,いっさくねん,year before last,JLPT JLPT_2
一斉,いっせい,"simultaneous, all at once",JLPT JLPT_2
一旦,いったん,"once, for a moment",JLPT JLPT_2
一定,いってい,"fixed, settled, regular",JLPT JLPT_2
行っていらっしゃい,いっていらっしゃい,"have a nice day, see you",JLPT JLPT_2
行ってらっしゃい,いってらっしゃい,"have a nice day, see you",JLPT JLPT_2
いってまいります,いってまいります,"(Lit.) I'll go and come back, 'I'm going, see you later'",JLPT JLPT_2
いってきます,いってきます,"(Lit.) I'll go and come back, 'I'm going, see you later'",JLPT JLPT_2
移転,いてん,"moving, transfer",JLPT JLPT_2
井戸,いど,water well,JLPT JLPT_2
緯度,いど,latitude (navigation),JLPT JLPT_2
威張る,いばる,"to be proud, to swagger",JLPT JLPT_2
嫌がる,いやがる,"reluctant, to dislike",JLPT JLPT_2
いよいよ,いよいよ,"more and more, increasingly, at last",JLPT JLPT_2
煎る,いる,to roast,JLPT JLPT_2
炒る,いる,"to parch, to roast",JLPT JLPT_2
入れ物,いれもの,"container, case",JLPT JLPT_2
インキ,インキ,ink,JLPT JLPT_2
引力,いんりょく,gravity,JLPT JLPT_2
ウーマン,ウーマン,woman,JLPT JLPT_2
ウール,ウール,wool,JLPT JLPT_2
ウエートレス,ウエートレス,waitress,JLPT JLPT_2
植木,うえき,"garden shrubs, trees, potted plant",JLPT JLPT_2
飢える,うえる,to starve,JLPT JLPT_2
浮ぶ,うかぶ,"to float, to rise to surface, to come to mind",JLPT JLPT_2
浮かべる,うかべる,to float; to express,JLPT JLPT_2
浮く,うく,to float,JLPT JLPT_2
承る,うけたまわる,"(humble) to hear, to be told, to know",JLPT JLPT_2
受取,うけとり,receipt,JLPT JLPT_2
受け持つ,うけもつ,to take (be in) charge of,JLPT JLPT_2
薄暗い,うすぐらい,"dim, gloomy",JLPT JLPT_2
薄める,うすめる,"to dilute, to water down",JLPT JLPT_2
打合せ,うちあわせ,"business meeting, previous arrangement",JLPT JLPT_2
打ち消す,うちけす,"to deny, to negate",JLPT JLPT_2
うどん,うどん,udon noodles (Japanese traditional noodles),Intermediate_Japanese_Ln.6 JLPT_2 JLPT Intermediate_Japanese
うなずく,うなずく,to nod,JLPT JLPT_2
敬う,うやまう,"to show respect, to honor",JLPT JLPT_2
裏返す,うらがえす,"to turn inside out, to turn (something) over",JLPT JLPT_2
裏口,うらぐち,"backdoor, rear entrance",JLPT JLPT_2
占う,うらなう,"to predict, to divine",JLPT JLPT_2
恨み,うらみ,resentment,JLPT JLPT_2
恨む,うらむ,"to curse, to feel bitter",JLPT JLPT_2
羨む,うらやむ,to envy,JLPT JLPT_2
売上,うりあげ,"amount sold, proceeds",JLPT JLPT_2
売り切れ,うりきれ,sold-out,JLPT JLPT_2
売り切れる,うりきれる,to be sold out,JLPT JLPT_2
売行き,うれゆき,sales,JLPT JLPT_2
うろうろ,うろうろ,"loitering, aimless wandering",JLPT JLPT_2
上～,うわ～,upper ~,JLPT JLPT_2
運河,うんが,"canal, waterway",JLPT JLPT_2
うんと,うんと,"a great deal, very much",JLPT JLPT_2
英文,えいぶん,sentence in English,JLPT JLPT_2
英和,えいわ,"English-Japanese (e.g., dictionary)",JLPT JLPT_2
ええと,ええと,"let me see, well, er...",JLPT JLPT_2
液体,えきたい,"liquid, fluid",JLPT JLPT_2
エチケット,エチケット,etiquette,JLPT JLPT_2
絵の具,えのぐ,"colors, paints",JLPT JLPT_2
エプロン,エプロン,apron,JLPT JLPT_2
偉い,えらい,"great, celebrated, remarkable,",JLPT JLPT_2
～園,～えん,~ garden (especially man made),JLPT JLPT_2
宴会,えんかい,"party, banquet",JLPT JLPT_2
園芸,えんげい,"horticulture, gardening",JLPT JLPT_2
演劇,えんげき,play (theatrical),JLPT JLPT_2
円周,えんしゅう,circumference,JLPT JLPT_2
遠足,えんそく,"trip, hike, picnic",JLPT JLPT_2
延長,えんちょう,"extension, prolongation",JLPT JLPT_2
煙突,えんとつ,chimney,JLPT JLPT_2
御～,おん～,honorific ~,JLPT JLPT_2
追いかける,おいかける,to chase or run after someone,JLPT JLPT_2
追い越す,おいこす,"to pass (e.g., car), to outdistance, to outstrip",JLPT JLPT_2
オイル,オイル,oil,JLPT JLPT_2
王女,おうじょ,princess,JLPT JLPT_2
応ずる,おうずる,"to respond, to comply with",JLPT JLPT_2
応接,おうせつ,reception,JLPT JLPT_2
応対,おうたい,"receiving, dealing with",JLPT JLPT_2
往復,おうふく,"(col) round trip, coming and going, return ticket",JLPT JLPT_2
欧米,おうべい,"Europe and America, the West",JLPT_2 JLPT Intermediate_Japanese_Ln.7 Intermediate_Japanese
応用,おうよう,"application, put to practical use",JLPT JLPT_2
電波,でんぱ,electro-magnetic wave,JLPT JLPT_2
テンポ,テンポ,tempo,JLPT JLPT_2
電流,でんりゅう,electric current,JLPT JLPT_2
電力,でんりょく,electric power,JLPT JLPT_2
問い合わせ,といあわせ,inquiry,JLPT JLPT_2
～頭,～とう,counter for animals,JLPT JLPT_2
～等,～とう,"level, place",JLPT JLPT_2
～島,～とう,kind of islands,JLPT JLPT_2
銅,どう,copper,JLPT JLPT_2
同～,どう～,same ~,JLPT JLPT_2
～道,～どう,"kind of path, road",JLPT JLPT_2
どういたしまして (かん),どういたしまして (かん),"you are welcome, don't mention it",JLPT JLPT_2
統一,とういつ,"unity, consolidation, uniformity",JLPT JLPT_2
同格,どうかく,"the same rank, equality, apposition",JLPT JLPT_2
峠,とうげ,"ridge, (mountain) pass, difficult part",JLPT JLPT_2
統計,とうけい,"scattering, a scatter, dispersion",JLPT JLPT_2
動作,どうさ,"action, movements, motions",JLPT JLPT_2
東西,とうざい,"East and West, whole country",JLPT JLPT_2
当日,とうじつ,"appointed day, very day",JLPT JLPT_2
投書,とうしょ,"letter to the editor, letter from a reader, contribution",JLPT_2 JLPT Intermediate_Japanese_Ln.15 Intermediate_Japanese
登場,とうじょう,entry (on stage),JLPT JLPT_2
どうせ,どうせ,"anyhow, in any case, at any rate",JLPT JLPT_2
灯台,とうだい,lighthouse,JLPT JLPT_2
盗難,とうなん,"theft, robbery",JLPT JLPT_2
当番,とうばん,being on duty,JLPT JLPT_2
等分,とうぶん,division into equal parts,JLPT JLPT_2
透明,とうめい,"transparency, cleanness",JLPT JLPT_2
灯油,とうゆ,"lamp oil, kerosene",JLPT JLPT_2
童話,どうわ,fairy tale,JLPT JLPT_2
～通り,～とおり,"in accordance with ~; following ~; ~ street, ~ avenue",JLPT JLPT_2
通り掛かる,とおりかかる,to happen to pass by,JLPT JLPT_2
溶かす,とかす,"to melt, to dissolve",JLPT JLPT_2
尖る,とがる,"to taper to a point, to become sharp",JLPT JLPT_2
どきどき,どきどき,"throb, beat (fast)",JLPT JLPT_2
特殊,とくしゅ,"special, unique",JLPT JLPT_2
特色,とくしょく,"characteristic, feature",JLPT JLPT_2
特定,とくてい,"specific, special, particular",JLPT JLPT_2
特売,とくばい,special sale,JLPT JLPT_2
溶け込む,とけこむ,to melt into; to become a part of,JLPT JLPT_2 Intermediate_Japanese Intermediate_Japanese_Ln.11
退ける,どける,"to dislodge, to put something out of the way",JLPT JLPT_2
床の間,とこのま,alcove,JLPT JLPT_2
～ところ,～ところ,about to do ~,JLPT JLPT_2
所々,ところどころ,"here and there, some parts (of something)",JLPT JLPT_2
都心,としん,heart (of city),JLPT JLPT_2
戸棚,とだな,"cupboard, cabinet",JLPT JLPT_2
とっくに,とっくに,"long ago, already, a long time ago",JLPT JLPT_2
どっと,どっと,suddenly,JLPT JLPT_2
整う,ととのう,"to be prepared, to be in order, to be arranged",JLPT JLPT_2
留まる,とどまる,"to be fixed; to abide, to stay (in the one place)",JLPT JLPT_2
怒鳴る,どなる,"to shout, to yell",JLPT JLPT_2
殿,どの,Mister (mostly in addressing someone on an envelope),JLPT JLPT_2
飛び込む,とびこむ,"to jump in, to leap in, to plunge into",JLPT JLPT_2
留まる,とまる,"to be fixed; to abide, to stay (in the one place)",JLPT JLPT_2
ともかく,ともかく,"anyhow, at any rate, anyway",JLPT JLPT_2
捕える,とらえる,"to seize, to capture, to arrest",JLPT JLPT_2
取り入れる,とりいれる,"to harvest, to take in, to adopt",JLPT JLPT_2
取り消す,とりけす,to cancel,JLPT JLPT_2
取り出す,とりだす,"to take out, to pick out",JLPT JLPT_2
採る,とる,"to adopt (measure, proposal); to pick (fruit)",JLPT JLPT_2
捕る,とる,"to take, to catch (fish)",JLPT JLPT_2
丼,どんぶり,"porcelain bowl, bowl of rice with food on top",JLPT JLPT_2
～内,～ない,inside ~,JLPT JLPT_2
内科,ないか,"internist clinic, internal medicine",JLPT JLPT_2
内線,ないせん,phone extension,JLPT JLPT_2
ナイロン,ナイロン,nylon,JLPT JLPT_2
長～,なが～,long ~,JLPT JLPT_2
仲直り,なかなおり,"reconciliation, make peace with",JLPT JLPT_2
長引く,ながびく,"to be prolonged, to drag on",JLPT JLPT_2
中指,なかゆび,middle finger,JLPT JLPT_2
仲良し,なかよし,"intimate friend, bosom buddy",JLPT JLPT_2
慰める,なぐさめる,"to comfort, to console",JLPT JLPT_2
為す,なす,"to accomplish, to do",JLPT JLPT_2
謎謎,なぞなぞ,riddle,JLPT JLPT_2
傾らか,なだらか,"gradual, gentle",JLPT JLPT_2
懐かしい,なつかしい,"dear, desired, missed",JLPT JLPT_2
撫でる,なでる,"to brush gently, to stroke",JLPT JLPT_2
斜め,ななめ,"diagonal, oblique",JLPT JLPT_2
なにしろ,なにしろ,"at any rate, in any case",JLPT JLPT_2
何々,なになに,"such and such, What?",JLPT JLPT_2
何分,なにぶん,"by all means, please",JLPT JLPT_2
生意気,なまいき,"impertinent, impudent",JLPT JLPT_2
並木,なみき,"roadside tree, row of trees",JLPT JLPT_2
倣う,ならう,"to imitate, to follow, to emulate",JLPT JLPT_2
南極,なんきょく,"south pole, Antarctic",JLPT JLPT_2
なんとなく,なんとなく,"somehow or other, for some reason or another",JLPT JLPT_2
なんとも,なんとも,"nothing (with neg. verb), quite, not a bit",JLPT JLPT_2
ナンバー,ナンバー,number,JLPT JLPT_2
南米,なんべい,South America,JLPT_2 JLPT Intermediate_Japanese_Ln.15 Intermediate_Japanese
南北,なんぼく,south and north,JLPT JLPT_2
匂う,におう,"to be fragrant, to smell",JLPT JLPT_2
逃がす,にがす,"to let loose, to set free, to let escape",JLPT JLPT_2
憎い,にくい,"hateful, abominable, detestable",JLPT JLPT_2
～難い,～がたい,hard (difficult) to do ~,JLPT_1 JLPT JLPT_2
憎む,にくむ,"to hate, to detest",JLPT JLPT_2
憎らしい,にくらしい,"odious, hateful",JLPT JLPT_2
にこにこ,にこにこ,"smile sweetly, smiley",JLPT JLPT_2
濁る,にごる,"to become muddy, to get cloudy",JLPT JLPT_2
虹,にじ,rainbow,JLPT JLPT_2
日時,にちじ,date and time,JLPT JLPT_2
日用品,にちようひん,daily necessities,JLPT JLPT_2
日課,にっか,"daily work, daily routine",JLPT JLPT_2
日程,にってい,schedule,JLPT JLPT_2
鈍い,にぶい,"dull (e.g., a knife), thickheaded, slow (opposite of fast), stupid",JLPT JLPT_2
入社,にゅうしゃ,entry to a company,JLPT JLPT_2
女房,にょうぼう,wife,JLPT JLPT_2
睨む,にらむ,"to glare at, to stare; to keep an eye on",JLPT JLPT_2
俄,にわか,"sudden, abrupt, unexpected",JLPT JLPT_2
縫う,ぬう,to sew,JLPT JLPT_2
ねじ,ねじ,(a) screw,JLPT JLPT_2
捩る,ねじる,to twist,JLPT JLPT_2
ネックレス,ネックレス,necklace,JLPT JLPT_2
熱する,ねっする,to heat,JLPT JLPT_2
寝間着,ねまき,"sleep-wear, pajamas",JLPT JLPT_2
寝巻,ねまき,"sleep-wear, pajamas",JLPT JLPT_2
狙い,ねらい,aim,JLPT JLPT_2
狙う,ねらう,to aim at,JLPT JLPT_2
～年生,～ねんせい,counter for school year,JLPT JLPT_2
年度,ねんど,"year, fiscal year",JLPT JLPT_2
農産物,のうさんぶつ,agricultural produce,JLPT JLPT_2
農村,のうそん,agricultural community,JLPT JLPT_2
濃度,のうど,"concentration, density",JLPT JLPT_2
農薬,のうやく,agricultural chemicals,JLPT JLPT_2
能率,のうりつ,efficiency,JLPT JLPT_2
のこぎり,のこぎり,saw,JLPT JLPT_2
残らず,のこらず,"completely, without exception",JLPT JLPT_2
上り,のぼり,"up-train (going to Tokyo), ascent",JLPT JLPT_2
糊,のり,"glue, paste, starch",JLPT JLPT_2
乗換,のりかえ,"a transfer (e.g., trains, buses)",JLPT JLPT_2
乗り越し,のりこし,riding past (one's station),JLPT JLPT_2
鈍い,のろい,"dull (e.g., a knife), slow (opposite of fast), stupid",JLPT JLPT_2
のろのろ,のろのろ,"slowly, sluggishly",JLPT JLPT_2
呑気,のんき,"carefree, optimistic, careless",JLPT JLPT_2
はい (かん),はい (かん),yes,JLPT JLPT_2
灰色,はいいろ,"grey, ashen",JLPT JLPT_2
俳句,はいく,haiku poetry,JLPT JLPT_2
売店,ばいてん,"shop, stand",JLPT JLPT_2
バイバイ,バイバイ,bye bye,JLPT JLPT_2
売買,ばいばい,"trade, buying and selling",JLPT JLPT_2
這う,はう,"to creep, to crawl",JLPT JLPT_2
剥す,はがす,"to tear off, to peel off, to rip off",JLPT JLPT_2
ばからしい,ばからしい,absurd,JLPT JLPT_2
秤,はかり,"scales, weighing machine",JLPT JLPT_2
吐き気,はきけ,"nausea, sickness in the stomach",JLPT JLPT_2
はきはき,はきはき,clearly,JLPT JLPT_2
～泊,～はく,"counter for staying (e.g., 2 nights)",JLPT JLPT_2
歯車,はぐるま,"gear, cog-wheel",JLPT JLPT_2
バケツ,バケツ,"bucket, pail",JLPT JLPT_2
挟まる,はさまる,"to get between, to be caught in",JLPT JLPT_2
挟む,はさむ,to pinch; to hold between; to insert,JLPT JLPT_2
梯子,はしご,"ladder, stairs",JLPT JLPT_2
始めに,はじめに,"to begin with, first of all",JLPT JLPT_2
初めに,はじめに,"to begin with, first of all",JLPT JLPT_2
はじめまして,はじめまして,"How do you do, I am glad to meet you",JLPT JLPT_2
斜,はす,diagonal,JLPT JLPT_2
パターン,パターン,pattern,JLPT JLPT_2
肌着,はだぎ,underwear,JLPT JLPT_2
果して,はたして,"as was expected, really",JLPT JLPT_2
鉢,はち,"a bowl, a pot",JLPT JLPT_2
～発,～はつ,counter for bullets,JLPT JLPT_2
×,ばつ,cross,JLPT JLPT_2
発揮,はっき,"exhibition, demonstration, display",JLPT JLPT_2
バック,バック,back,JLPT JLPT_2
発想,はっそう,idea; way of thinking (same as 考え方 (かんがえかた)),JLPT_2 JLPT Intermediate_Japanese_Ln.15 Intermediate_Japanese
発電,はつでん,"generation (e.g., power)",JLPT JLPT_2
発売,はつばい,sale,JLPT JLPT_2
話合い,はなしあい,"discussion, talk",JLPT JLPT_2
話し掛ける,はなしかける,"to accost a person, to talk (to someone)",JLPT JLPT_2
話中,はなしちゅう,"while talking, the line is busy",JLPT JLPT_2
甚だしい,はなはだしい,"extreme, excessive, terrible",JLPT JLPT_2
花火,はなび,fireworks,JLPT JLPT_2
花嫁,はなよめ,bride,JLPT JLPT_2
ばね,ばね,"spring (e.g., coil, leaf)",JLPT JLPT_2
跳ねる,はねる,"to jump, to leap",JLPT JLPT_2
破片,はへん,"fragment, broken piece",JLPT JLPT_2
歯磨き,はみがき,"toothbrushing, toothpaste",JLPT JLPT_2
はめる,はめる,"(col) to get in, to insert, to put on",JLPT JLPT_2
早口,はやくち,fast-talking,JLPT JLPT_2
払い込む,はらいこむ,"to deposit, to pay in",JLPT JLPT_2
払い戻す,はらいもどす,"to repay, to pay back",JLPT JLPT_2
針金,はりがね,wire,JLPT JLPT_2
張り切る,はりきる,"to be in high spirits, to be full of vigor",JLPT JLPT_2
反～,はん～,"anti ~, counter ~",JLPT JLPT_2
反映,はんえい,"reflection, influence",JLPT JLPT_2
半径,はんけい,radius,JLPT JLPT_2
判子,はんこ,seal (used for signature),JLPT JLPT_2
万歳,ばんざい,"banzai, Long live ~!",JLPT JLPT_2
判事,はんじ,"judge, justice",JLPT JLPT_2
番地,ばんち,"house number, address",JLPT JLPT_2
パンツ,パンツ,underpants,JLPT_2 JLPT Genki_Ln.10 Genki
バンド,バンド,band,JLPT JLPT_2
半島,はんとう,peninsula,JLPT JLPT_2
ハンドル,ハンドル,"handle, steering wheel",JLPT JLPT_2
～番目,～ばんめ,~th,JLPT JLPT_2
非～,ひ～,"anti~, counter~, an~, non~",JLPT_1 JLPT JLPT_2
～費,～ひ,cost of ~,JLPT JLPT_2
日当たり,ひあたり,"exposure to the sun, sunny place",JLPT JLPT_2
日帰り,ひがえり,day trip,JLPT JLPT_2
比較的,ひかくてき,comparatively; relatively,Intermediate_Japanese_Ln.5 JLPT JLPT_2 Intermediate_Japanese
日陰,ひかげ,shadow,JLPT JLPT_2
ぴかぴか,ぴかぴか,"glitter, sparkle",JLPT JLPT_2
引受る,ひきうける,"to undertake, to take up, to take over",JLPT JLPT_2
引き返す,ひきかえす,"to turn back, to go back, reverse",JLPT JLPT_2
引算,ひきざん,subtraction,JLPT JLPT_2
引き出す,ひきだす,"to pull out, to take out, to withdraw",JLPT JLPT_2
引き止める,ひきとめる,"to keep back, to prevent, to hold back",JLPT JLPT_2
卑怯,ひきょう,"cowardice, meanness, unfairness",JLPT JLPT_2
引分け,ひきわけ,"a draw (in competition), tie game",JLPT JLPT_2
陽射,ひざし,"sunlight, rays of the sun",JLPT JLPT_2
肘,ひじ,elbow,JLPT JLPT_2
ピストル,ピストル,pistol,JLPT JLPT_2
ビタミン,ビタミン,vitamin,JLPT JLPT_2
ぴたり,ぴたり,exactly; close-fitting,JLPT JLPT_2
引っ掛かる,ひっかかる,"to be caught in, to be stuck in",JLPT JLPT_2
筆記,ひっき,"note taking, writing",JLPT JLPT_2
引っ繰り返す,ひっくりかえす,"to turn over, to overturn, to knock over",JLPT JLPT_2
引っ繰り返る,ひっくりかえる,"to be overturned, to be upset, to topple over, to be reversed",JLPT JLPT_2
引っ込む,ひっこむ,"to draw back, to sink, to cave in",JLPT JLPT_2
筆者,ひっしゃ,"writer, author",JLPT JLPT_2
必需品,ひつじゅひん,"necessities, essential",JLPT JLPT_2
一～,ひと～,one ~,JLPT JLPT_2
人差指,ひとさしゆび,index finger,JLPT JLPT_2
一通り,ひととおり,"general, briefly",JLPT JLPT_2
人通り,ひとどおり,pedestrian traffic,JLPT JLPT_2
ひとまず,ひとまず,"for the present, once, for the time being",JLPT JLPT_2
瞳,ひとみ,pupil (of eye),JLPT JLPT_2
一休み,ひとやすみ,a rest,JLPT JLPT_2
独り言,ひとりごと,"a soliloquy, a monologue, speaking to oneself",JLPT JLPT_2
ひとりでに,ひとりでに,"by itself, automatically, naturally",JLPT JLPT_2
ビニール,ビニール,vinyl,JLPT JLPT_2
皮肉,ひにく,"cynicism, sarcasm",JLPT JLPT_2
日日,ひにち,date,JLPT JLPT_2
捻る,ひねる,"to twist, to turn",JLPT JLPT_2
日の入り,ひのいり,sunset,JLPT JLPT_2
日の出,ひので,sunrise,JLPT JLPT_2
響き,ひびき,"echo, sound",JLPT JLPT_2
響く,ひびく,to resound; to affect,JLPT JLPT_2
皮膚,ひふ,skin,JLPT JLPT_2
ひゃっかじてん,ひゃっかじてん,encyclopedia,JLPT JLPT_2
美容,びよう,beauty of figure or form,JLPT JLPT_2
～病,～びょう,kind of disease,JLPT JLPT_2
表紙,ひょうし,"front cover, binding",JLPT JLPT_2
標識,ひょうしき,"sign, mark",JLPT JLPT_2
標準,ひょうじゅん,"standard, level",JLPT JLPT_2
標本,ひょうほん,"example, specimen",JLPT JLPT_2
評論,ひょうろん,"criticism, critique",JLPT JLPT_2
ビルディング,ビルディング,building,JLPT JLPT_2
昼寝,ひるね,"nap (at home), siesta",JLPT JLPT_2
広さ,ひろさ,extent,JLPT JLPT_2
広場,ひろば,plaza,JLPT JLPT_2
広々,ひろびろ,"extensive, spacious",JLPT JLPT_2
ピンク,ピンク,pink,JLPT JLPT_2
便箋,びんせん,"writing paper, stationery",JLPT JLPT_2
瓶詰,びんづめ,"bottling, bottled",JLPT JLPT_2
～部,～ぶ,~ part,JLPT JLPT_2
ファスナー,ファスナー,"fastener, zipper",JLPT JLPT_2
～風,～ふう,~ style,JLPT JLPT_2
風船,ふうせん,balloon,JLPT JLPT_2
不運,ふうん,"unlucky, misfortune, bad luck",JLPT JLPT_2
不規則,ふきそく,"irregularity, unsteadiness",JLPT JLPT_2
普及,ふきゅう,"diffusion, spread",JLPT JLPT_2
付近,ふきん,"neighborhood, vicinity",JLPT JLPT_2
副～,ふく～,vice ~,JLPT JLPT_2
副詞,ふくし,adverb,JLPT JLPT_2
複写,ふくしゃ,"copy, duplicate",JLPT JLPT_2
複数,ふくすう,"plural, multiple",JLPT JLPT_2
膨らます,ふくらます,"to swell, to expand, to inflate",JLPT JLPT_2
膨らむ,ふくらむ,"to expand, to swell (out), to become inflated",JLPT JLPT_2
不潔,ふけつ,"unclean, dirty",JLPT JLPT_2
更ける,ふける,"to get late, to wear on",JLPT JLPT_2
符号,ふごう,"sign, mark, symbol",JLPT JLPT_2
夫妻,ふさい,"man and wife, married couple",JLPT JLPT_2
塞がる,ふさがる,"to be plugged up, to be shut up",JLPT JLPT_2
塞ぐ,ふさぐ,"to stuff, to close up, to block (up)",JLPT JLPT_2
ふざける,ふざける,"to romp, to gambol, to frolic",JLPT JLPT_2
無沙汰,ぶさた,neglecting to stay in contact,JLPT JLPT_2
武士,ぶし,"warrior, samurai",JLPT JLPT_2
部首,ぶしゅ,radical (of a kanji character),JLPT JLPT_2
襖,ふすま,sliding screen,JLPT JLPT_2
附属,ふぞく,"attached, belonging, affiliated",JLPT JLPT_2
蓋,ふた,"cover, lid, cap",JLPT JLPT_2
物騒,ぶっそう,"dangerous, disturbed, insecure",JLPT JLPT_2
ぶつぶつ,ぶつぶつ,"grumbling, complaining in a small voice",JLPT JLPT_2
船便,ふなびん,surface mail (ship),JLPT JLPT_2
部品,ぶひん,"parts, accessories",JLPT JLPT_2
吹雪,ふぶき,snow storm,JLPT JLPT_2
父母,ふぼ,"father and mother, parents",JLPT JLPT_2
踏切,ふみきり,"railway crossing, level crossing, starting line, scratch, crossover",JLPT JLPT_2
麓,ふもと,"the foot, the bottom, the base (of a mountain)",JLPT JLPT_2
フライパン,フライパン,"fry pan, frying pan",JLPT JLPT_2
ブラウス,ブラウス,blouse,JLPT JLPT_2
ぶらさげる,ぶらさげる,"to hang, to suspend, to swing",JLPT JLPT_2
ブラシ,ブラシ,brush,JLPT JLPT_2
プラットホーム,プラットホーム,platform,JLPT JLPT_2
～振り,～ぶり,after an interval of ~,JLPT JLPT_2
フリー,フリー,free,JLPT JLPT_2
振り仮名,ふりがな,pronunciation key,JLPT JLPT_2
振り向く,ふりむく,"to turn one's face, to turn around",JLPT JLPT_2
プリント,プリント,"print, handout",JLPT JLPT_2
古～,ふる～,old ~,JLPT JLPT_2
故郷,ふるさと,"home town, birthplace",JLPT JLPT_2
古里,ふるさと,"home town, birthplace",JLPT JLPT_2
振舞う,ふるまう,"to behave, to conduct",JLPT JLPT_2
ブローチ,ブローチ,brooch,JLPT JLPT_2
プログラム,プログラム,program,JLPT JLPT_2
風呂敷,ふろしき,"wrapping cloth, cloth wrapper",JLPT JLPT_2
ふわふわ,ふわふわ,"light, soft",JLPT JLPT_2
噴火,ふんか,eruption,JLPT JLPT_2
分解,ぶんかい,"analysis, disassembly",JLPT JLPT_2
文芸,ぶんげい,"literature, art and literature",JLPT JLPT_2
文献,ぶんけん,"literature, books (reference)",JLPT JLPT_2
噴水,ふんすい,water fountain,JLPT JLPT_2
分数,ぶんすう,fraction (in math),JLPT JLPT_2
文体,ぶんたい,literary style,JLPT JLPT_2
分布,ぶんぷ,distribution,JLPT JLPT_2
文房具,ぶんぼうぐ,stationery,JLPT JLPT_2
文脈,ぶんみゃく,context,JLPT JLPT_2
分量,ぶんりょう,"amount, quantity",JLPT JLPT_2
分類,ぶんるい,classification,JLPT JLPT_2
閉会,へいかい,closure,JLPT JLPT_2
平気,へいき,"coolness, calmness, unconcern",JLPT JLPT_2
並行,へいこう,"(going) side by side, concurrent, at the same time",JLPT_1 JLPT JLPT_2
平日,へいじつ,weekday,JLPT JLPT_2
兵隊,へいたい,soldier,JLPT JLPT_2
平凡,へいぼん,"common, ordinary",JLPT JLPT_2
平野,へいや,"plain, open field",JLPT JLPT_2
凹む,へこむ,"to be dented, to be indented",JLPT JLPT_2
へそ,へそ,"navel, belly-button",JLPT JLPT_2
隔てる,へだてる,to be shut out,JLPT JLPT_2
別荘,べっそう,villa; vacation home; summer cottage,JLPT Intermediate_Japanese Genki_Ln.23 JLPT_2 Intermediate_Japanese_Ln.13 Genki
別々,べつべつ,"separately, individually",JLPT JLPT_2
ベテラン,ベテラン,veteran,JLPT JLPT_2
ヘリコプター,ヘリコプター,helicopter,JLPT JLPT_2
～遍,～へん,time,JLPT JLPT_2
～弁,～べん,"speech, dialect",JLPT JLPT_2
編集,へんしゅう,"editing, compilation, editorial (e.g., committee)",JLPT JLPT_2 Intermediate_Japanese_Ln.8 Intermediate_Japanese
便所,べんじょ,"toilet, lavatory",JLPT JLPT_2
ペンチ,ペンチ,pliers (lit: pinchers),JLPT JLPT_2
～歩,～ほ,"step, pace",JLPT JLPT_2
～ぽい,～ぽい,~ish,JLPT JLPT_2
～ほう (ひかく),～ほう (ひかく),(in comparison),JLPT JLPT_2
防～,ぼう～,~ prevention,JLPT JLPT_2
望遠鏡,ぼうえんきょう,telescope,JLPT JLPT_2
方角,ほうがく,"direction, way",JLPT JLPT_2
箒,ほうき,broom,JLPT JLPT_2
方言,ほうげん,dialect,JLPT JLPT_2
坊さん,ぼうさん,"Buddhist priest, monk",JLPT JLPT_2
防止,ぼうし,"prevention, check",JLPT JLPT_2
方針,ほうしん,"objective, plan, policy",JLPT JLPT_2
法則,ほうそく,"law, rule",JLPT JLPT_2
包帯,ほうたい,bandage,JLPT JLPT_2
膨大,ぼうだい,"enormous, extensive",JLPT JLPT_2
包丁,ほうちょう,"kitchen knife, carving knife",JLPT JLPT_2
方程式,ほうていしき,equation,JLPT JLPT_2
防犯,ぼうはん,prevention of crime,JLPT JLPT_2
方面,ほうめん,direction; area,JLPT JLPT_2 Intermediate_Japanese_Ln.8 Intermediate_Japanese
坊や,ぼうや,boy,JLPT JLPT_2
放る,ほうる,to let go,JLPT JLPT_2
ボーナス,ボーナス,bonus,JLPT JLPT_2 Genki_Ln.23 Genki
朗らか,ほがらか,"bright, cheerful, melodious",JLPT JLPT_2
牧場,ぼくじょう,farm (livestock); pasture land,JLPT JLPT_2
牧畜,ぼくちく,stock-farming,JLPT JLPT_2
保健,ほけん,"health preservation, hygiene, sanitation",JLPT JLPT_2
募集,ぼしゅう,recruitment,JLPT JLPT_2 Genki_Ln.13 Genki
干す,ほす,"to air, to dry, to drink up",JLPT JLPT_2
ポスター,ポスター,poster,JLPT_2 JLPT Genki_Ln.21 Genki
北極,ほっきょく,North Pole,JLPT JLPT_2
坊っちゃん,ぼっちゃん,son (of others),JLPT JLPT_2
解く,ほどく,to unfasten,JLPT JLPT_2
掘る,ほる,"to dig, to excavate",JLPT JLPT_2
彫る,ほる,"to carve, to chisel",JLPT JLPT_2
ぼろ,ぼろ,"rag, tattered clothes",JLPT JLPT_2
盆,ぼん,Festival of the Dead; tray,JLPT JLPT_2
盆地,ぼんち,"basin (e.g., between mountains)",JLPT JLPT_2
ほんの～,ほんの～,"mere, just",JLPT JLPT_2
本部,ほんぶ,headquarters,JLPT JLPT_2
本来,ほんらい,"essentially, naturally, by nature",JLPT JLPT_2
まあまあ,まあまあ,okay; so-so; decent,JLPT JLPT_2 Genki_Ln.11 Genki
毎～,まい～,every ~,JLPT JLPT_2
枚数,まいすう,the number of flat things,JLPT JLPT_2
毎度,まいど,"each time, common service-sector greeting",JLPT JLPT_2
枕,まくら,pillow,JLPT JLPT_2
曲げる,まげる,"to bend, to crook, to lean",JLPT JLPT_2
まごまご,まごまご,"confused, be at a loss",JLPT JLPT_2
摩擦,まさつ,friction; rubbing; chafe,JLPT_2 JLPT Intermediate_Japanese_Ln.15 Intermediate_Japanese
マスク,マスク,mask,JLPT JLPT_2
またぐ,またぐ,to straddle,JLPT JLPT_2
待合室,まちあいしつ,waiting room,JLPT JLPT_2
待ち合わせる,まちあわせる,"to rendezvous, to meet at a prearranged place and time",JLPT JLPT_2
街角,まちかど,street corner,JLPT JLPT_2
真っ暗,まっくら,total darkness,JLPT JLPT_2
真っ黒,まっくろ,pitch black,JLPT JLPT_2
真っ青,まっさお,"deep blue, ghastly pale",JLPT JLPT_2
真っ先,まっさき,"foremost, beginning",JLPT JLPT_2
真っ白,まっしろ,pure white,JLPT JLPT_2
祭る,まつる,"to deify, to enshrine",JLPT JLPT_2
窓口,まどぐち,(ticket) window,JLPT JLPT_2 Intermediate_Japanese_Ln.10 Intermediate_Japanese
真似る,まねる,"to mimic, to imitate",JLPT JLPT_2
まぶた,まぶた,eyelids,JLPT JLPT_2
マフラー,マフラー,a winter scarf,JLPT_2 JLPT Genki_Ln.14 Genki
間も無く,まもなく,"soon, in a short time",JLPT JLPT_2
マラソン,マラソン,marathon,JLPT JLPT_2
稀,まれ,"rare, seldom",JLPT JLPT_2
回り道,まわりみち,detour,JLPT JLPT_2
満員,まんいん,"full house, no vacancy, sold out",JLPT JLPT_2
マンション,マンション,"multistory apartment house, condominium",JLPT_2 JLPT Genki_Ln.14 Genki
満点,まんてん,perfect score,JLPT JLPT_2
未～,み～,not yet ~,JLPT JLPT_2
見上げる,みあげる,"to look up at, to admire",JLPT JLPT_2
見送る,みおくる,to see off; to escort; to let pass,JLPT JLPT_2
見下ろす,みおろす,"to overlook, to look down on something",JLPT JLPT_2
見掛け,みかけ,outward appearance,JLPT JLPT_2
三日月,みかづき,crescent moon,JLPT JLPT_2
岬,みさき,cape (on coast),JLPT JLPT_2
みじめ,みじめ,"sad, pitiful, wretched",JLPT JLPT_2
ミシン,ミシン,sewing machine,JLPT JLPT_2
自ら,みずから,"for one's self, personally",JLPT JLPT_2
水着,みずぎ,bathing suit (woman's),JLPT JLPT_2
店屋,みせや,"store, shop",JLPT JLPT_2
～みたい,～みたい,looks like ~,JLPT JLPT_2
見出し,みだし,"heading, index",JLPT JLPT_2
道順,みちじゅん,"itinerary, route",JLPT JLPT_2
みっともない,みっともない,"shameful, indecent",JLPT JLPT_2 Intermediate_Japanese Intermediate_Japanese_Ln.11
見詰める,みつめる,"to stare at, to gaze at",JLPT JLPT_2
見直す,みなおす,"to look over again, to review",JLPT JLPT_2
見慣れる,みなれる,"to become used to seeing, to be familiar with",JLPT JLPT_2
醜い,みにくい,ugly,JLPT JLPT_2 Intermediate_Japanese_Ln.10 Intermediate_Japanese
実る,みのる,"to bear fruit, to ripen",JLPT JLPT_2
身分,みぶん,"position, status",JLPT JLPT_2
見本,みほん,sample,JLPT JLPT_2
見舞う,みまう,"to ask after (health), to visit",JLPT JLPT_2
未満,みまん,"less than, insufficient",JLPT JLPT_2
名字,みょうじ,"surname, family name",JLPT JLPT_2
ミリ (メートル),ミリ (メートル),milli-,JLPT JLPT_2
民間,みんかん,"private, civilian",JLPT JLPT_2
民主～,みんしゅ～,democratic,JLPT JLPT_2
民謡,みんよう,"folk song, popular song",JLPT JLPT_2
～向け,～むけ,for ~,JLPT JLPT_2
無限,むげん,infinite,JLPT JLPT_2
無地,むじ,plain,JLPT JLPT_2
矛盾,むじゅん,"contradiction, inconsistency",JLPT JLPT_2
無数,むすう,"countless number, infinite number",JLPT JLPT_2
紫,むらさき,"purple color, violet",JLPT JLPT_2
群れ,むれ,"crowd, flock, herd",JLPT JLPT_2
姪,めい,niece,JLPT JLPT_2 Intermediate_Japanese_Ln.8 Intermediate_Japanese
名～,めい～,famous ~,JLPT JLPT_2
～名,～めい,counter for people,JLPT JLPT_2
名作,めいさく,masterpiece,JLPT JLPT_2
名所,めいしょ,famous place,JLPT JLPT_2
命ずる,めいずる,"to command, to appoint",JLPT JLPT_2
迷信,めいしん,superstition,JLPT JLPT_2
名物,めいぶつ,"famous product, special product, speciality",JLPT JLPT_2
銘々,めいめい,"each, individual",JLPT JLPT_2
恵まれる,めぐまれる,"to be blessed with, to be rich in",JLPT JLPT_2
巡る,めぐる,to go around,JLPT JLPT_2
目指す,めざす,"to aim at, to have an eye on",JLPT JLPT_2
目覚し,めざまし,alarm-clock,JLPT JLPT_2
目下,めした,"at present, now",JLPT JLPT_2
目印,めじるし,"mark, sign, landmark",JLPT JLPT_2
目立つ,めだつ,"to be conspicuous, to stand out",JLPT JLPT_2
めちゃくちゃ,めちゃくちゃ,"absurd, messed up, wrecked",JLPT JLPT_2
めっきり,めっきり,remarkably,JLPT JLPT_2
めでたい,めでたい,"happy, propitious, joyous",JLPT JLPT_2
メニュー,メニュー,menu,JLPT Intermediate_Japanese JLPT_2 Intermediate_Japanese_Ln.6 Genki_Ln.2 Genki
めまい,めまい,"dizziness, giddiness",JLPT JLPT_2
目安,めやす,"criterion, aim",JLPT JLPT_2
免税,めんぜい,tax exemption,JLPT JLPT_2
面積,めんせき,area,JLPT JLPT_2
面倒臭い,めんどうくさい,"bother to do, tiresome",JLPT JLPT_2
儲かる,もうかる,"to be profitable, to yield a profit",JLPT JLPT_2
儲ける,もうける,"to earn, to have (bear, beget) a child",JLPT JLPT_2
申し訳ない,もうしわけない,"inexcusable, I am sorry",JLPT JLPT_2
モーター,モーター,motor,JLPT JLPT_2
木材,もくざい,"lumber, timber, wood",JLPT JLPT_2
目次,もくじ,table of contents,JLPT JLPT_2
潜る,もぐる,"to drive, to pass through; to evade, to hide",JLPT JLPT_2
もしかしたら,もしかしたら,"perhaps, maybe, by some chance",JLPT JLPT_2
もたれる,もたれる,"to lean against, to lean on",JLPT JLPT_2
モダン,モダン,modern,JLPT JLPT_2
餅,もち,sticky rice cake,JLPT JLPT_2
～もち,～もち,person who has ~,JLPT JLPT_2
モデル,モデル,a fashion model,JLPT JLPT_2 Intermediate_Japanese_Ln.8 Intermediate_Japanese
元々,もともと,"originally, by nature, from the start",JLPT JLPT_2
物置,ものおき,storage room,JLPT JLPT_2
物語る,ものがたる,"to tell, to indicate",JLPT JLPT_2
物差し,ものさし,"ruler, measure",JLPT JLPT_2
物凄い,ものすごい,"earth-shattering, staggering, to a very great extent",JLPT JLPT_2
モノレール,モノレール,monorail,JLPT JLPT_2
紅葉,もみじ,(Japanese) maple,JLPT JLPT_2
揉む,もむ,"to rub, to crumple (up), to wrinkle",JLPT JLPT_2
催し,もよおし,"event, festivities, function",JLPT JLPT_2
盛る,もる,to serve (food); to fill up; to prescribe,JLPT JLPT_2
～問,～もん,counter for questions,JLPT JLPT_2
問答,もんどう,"questions and answers, dialogue",JLPT JLPT_2
～夜,～や,counter for nights,JLPT JLPT_2
やかましい,やかましい,"to be fussy, to be overly critical",JLPT JLPT_2 Intermediate_Japanese Intermediate_Japanese_Ln.11
夜間,やかん,"at night, nighttime",JLPT JLPT_2
やかん,やかん,kettle,JLPT JLPT_2
役者,やくしゃ,actor,JLPT JLPT_2
役所,やくしょ,"government office, public office",JLPT JLPT_2
役人,やくにん,government official,JLPT JLPT_2
薬品,やくひん,"medicine(s), chemical(s)",JLPT JLPT_2
役目,やくめ,"duty, business",JLPT JLPT_2
火傷,やけど,"burn, scald",JLPT JLPT_2
夜行,やこう,"night train, night travel",JLPT JLPT_2
矢印,やじるし,directing arrow,JLPT JLPT_2
やたらに,やたらに,"randomly, recklessly, blindly",JLPT JLPT_2
薬局,やっきょく,"pharmacy, drugstore",JLPT JLPT_2
やっつける,やっつける,"to attack (an enemy), to beat, to finish off",JLPT JLPT_2
家主,やぬし,landlord,JLPT JLPT_2
やっぱり,やっぱり,"after all, anyway",Genki_Ln.17 JLPT JLPT_2 Genki
破く,やぶく,to tear,JLPT JLPT_2
やむをえない,やむをえない,"cannot be helped, unavoidable",JLPT JLPT_2
軟らかい,やわらかい,"soft, tender, limp",JLPT JLPT_2
遊園地,ゆうえんち,amusement park,JLPT JLPT_2
夕刊,ゆうかん,evening paper,JLPT JLPT_2
郵送,ゆうそう,mailing,JLPT JLPT_2
夕立,ゆうだち,(sudden) evening shower (rain),JLPT JLPT_2
夕日,ゆうひ,"(in) the evening sun, setting sun",JLPT JLPT_2
悠々,ゆうゆう,"quiet, calm, leisurely",JLPT JLPT_2
有料,ゆうりょう,"admission-paid, toll",JLPT JLPT_2
浴衣,ゆかた,"bathrobe, informal summer kimono",JLPT JLPT_2 Intermediate_Japanese_Ln.10 Intermediate_Japanese
行方,ゆくえ,one's whereabouts,JLPT JLPT_2
湯気,ゆげ,steam,JLPT JLPT_2
輸血,ゆけつ,blood transfusion,JLPT JLPT_2
輸送,ゆそう,"transport, transportation",JLPT JLPT_2
油断,ゆだん,"negligence, unpreparedness",JLPT JLPT_2
湯飲み,ゆのみ,teacup,JLPT JLPT_2
緩い,ゆるい,"loose, lenient, slow",JLPT JLPT_2
溶岩,ようがん,lava,JLPT JLPT_2
用語,ようご,"term, terminology",JLPT JLPT_2 Intermediate_Japanese_Ln.2 Intermediate_Japanese
要旨,ようし,"gist, essentials, summary",JLPT JLPT_2
幼児,ようじ,"infant, baby, child",JLPT JLPT_2
容積,ようせき,"capacity, volume",JLPT JLPT_2
幼稚,ようち,"infancy, childish, infantile",JLPT JLPT_2
幼稚園,ようちえん,kindergarten,JLPT_2 JLPT Intermediate_Japanese_Ln.15 Intermediate_Japanese
用途,ようと,"use, usefulness",JLPT JLPT_2
洋品店,ようひんてん,clothes store,JLPT JLPT_2
養分,ようぶん,"nourishment, nutrient",JLPT JLPT_2
羊毛,ようもう,wool,JLPT JLPT_2
漸く,ようやく,"at last, finally, hardly",JLPT JLPT_2
要領,ようりょう,"gist, essentials, outline",JLPT JLPT_2
翌～,よく～,next ~,JLPT JLPT_2
欲張り,よくばり,greedy,JLPT JLPT_2
余計,よけい,"too much, unnecessary, abundance, surplus, excess, superfluity",JLPT JLPT_2
よこす,よこす,"to send, to forward; to hand over (e.g., money)",JLPT JLPT_2
余所,よそ,"another place, somewhere else, strange parts",JLPT JLPT_2
四つ角,よつかど,"four corners, crossroads",JLPT JLPT_2
酔っ払い,よっぱらい,drunkard,JLPT JLPT_2
予備,よび,"preparation, spare",JLPT JLPT_2
呼び掛ける,よびかける,"to call out to, to accost, to address (crowd), to appeal",JLPT JLPT_2
呼び出す,よびだす,"to summon, to call (e.g., phone)",JLPT JLPT_2
蘇る,よみがえる,"to be resurrected, to be revived",JLPT JLPT_2
慶ぶ,よろこぶ,"to be delighted, to be glad",JLPT JLPT_2
～等,～ら,plural persons,JLPT JLPT_2
来日,らいにち,"coming to Japan, visit to Japan",JLPT JLPT_2
落第,らくだい,"failure, dropping out of a class",JLPT JLPT_2
ラッシュアワー,ラッシュアワー,rush hour,JLPT JLPT_2 Intermediate_Japanese_Ln.10 Intermediate_Japanese
欄,らん,"column of text (e.g., as in a newspaper)",JLPT JLPT_2
ランチ,ランチ,lunch,JLPT JLPT_2
ランニング,ランニング,running; tank top,JLPT JLPT_2
乱暴,らんぼう,"rude, violent, rough",JLPT JLPT_2
理科,りか,science,JLPT JLPT_2
利害,りがい,"advantages and disadvantages, interest",JLPT JLPT_2
段階,だんかい,"gradation, grade, stage",JLPT JLPT_2
短期,たんき,short term,JLPT JLPT_2
炭鉱,たんこう,"coal mine, coal pit",JLPT JLPT_2
短所,たんしょ,"defect, weak point; disadvantage",JLPT JLPT_2
たんす,たんす,chest of drawers,JLPT JLPT_2
淡水,たんすい,fresh water,JLPT JLPT_2
断水,だんすい,water outage,JLPT JLPT_2
単数,たんすう,singular (number),JLPT JLPT_2
団地,だんち,housing complex,JLPT JLPT_2
断定,だんてい,"conclusion, decision",JLPT JLPT_2
短編,たんぺん,"short (e.g., story, film)",JLPT JLPT_2
誓う,ちかう,"to swear, to vow",JLPT JLPT_2
地下水,ちかすい,underground water,JLPT JLPT_2
近々,ちかぢか,"soon, before long",JLPT JLPT_2
近付ける,ちかづける,"to bring near, to put close, to let come near",JLPT JLPT_2
近寄る,ちかよる,"to approach, to draw near",JLPT JLPT_2
力強い,ちからづよい,"powerful, strong, vigorous",JLPT JLPT_2
ちぎる,ちぎる,"to cut up fine, to pick (fruit)",JLPT JLPT_2
地質,ちしつ,geological features,JLPT JLPT_2
知人,ちじん,"friend, acquaintance",JLPT JLPT_2 Intermediate_Japanese_Ln.1 Intermediate_Japanese
地帯,ちたい,"area, zone",JLPT JLPT_2
縮む,ちぢむ,"to shrink, to be contracted",JLPT JLPT_2
縮める,ちぢめる,"to shorten, to reduce, to shrink",JLPT JLPT_2
縮れる,ちぢれる,"to be wavy, to be curled",JLPT JLPT_2
チップ,チップ,"gratuity, tip; chip",Intermediate_Japanese_Ln.6 JLPT_2 JLPT Intermediate_Japanese
地点,ちてん,"site, point on a map",JLPT JLPT_2
地名,ちめい,place name,JLPT JLPT_2
茶色い,ちゃいろい,brown,JLPT JLPT_2
～着,～ちゃく,counter for clothes; finishing place,JLPT JLPT_2
着々,ちゃくちゃく,steadily,JLPT JLPT_2
中間,ちゅうかん,"middle, midway, interim",JLPT JLPT_2
中旬,ちゅうじゅん,second third of a month,JLPT JLPT_2
抽象,ちゅうしょう,abstract,JLPT JLPT_2
中世,ちゅうせい,"Middle Ages, medieval times",JLPT JLPT_2
中性,ちゅうせい,"neuter gender, neutral",JLPT JLPT_2
中途,ちゅうと,"in the middle, half-way",JLPT JLPT_2
中年,ちゅうねん,middle-aged,JLPT JLPT_2 Intermediate_Japanese_Ln.1 Intermediate_Japanese
長～,ちょう～,long ~,JLPT JLPT_2
～庁,～ちょう,"office, agency",JLPT JLPT_2
～兆,～ちょう,trillion,JLPT JLPT_2
～長,～ちょう,"leader, head",JLPT JLPT_2
～帳,～ちょう,"~ book, notebook",JLPT JLPT_2
超過,ちょうか,"excess, being more than",JLPT JLPT_2
彫刻,ちょうこく,"carving, engraving, sculpture",JLPT JLPT_2
長所,ちょうしょ,"strong point, merit; advantage",JLPT JLPT_2
長女,ちょうじょ,eldest daughter,JLPT JLPT_2
調整,ちょうせい,"regulation, adjustment, tuning",JLPT JLPT_2
調節,ちょうせつ,"regulation, adjustment, control",JLPT JLPT_2
長短,ちょうたん,"length, long and short, +-",JLPT JLPT_2
頂点,ちょうてん,"top, summit",JLPT JLPT_2
長男,ちょうなん,eldest son,JLPT JLPT_2
長方形,ちょうほうけい,"rectangle, oblong",JLPT JLPT_2
調味料,ちょうみりょう,"condiment, seasoning",JLPT JLPT_2
～丁目,～ちょうめ,"~ district (of a town; city, block)",JLPT JLPT_2
チョーク,チョーク,chalk,JLPT JLPT_2
直後,ちょくご,immediately following,JLPT JLPT_2
直線,ちょくせん,straight line,JLPT JLPT_2
直前,ちょくぜん,just before,JLPT JLPT_2
直通,ちょくつう,direct connection,JLPT JLPT_2
直流,ちょくりゅう,direct current,JLPT JLPT_2
貯蔵,ちょぞう,"storage, preservation",JLPT JLPT_2
直角,ちょっかく,right angle,JLPT JLPT_2
直径,ちょっけい,diameter,JLPT JLPT_2
散らかす,ちらかす,"to scatter around, to leave untidy",JLPT JLPT_2
散らかる,ちらかる,to be in disorder,JLPT JLPT_2
塵紙,ちりがみ,"tissue paper, toilet paper",JLPT JLPT_2
追加,ついか,"addition, supplement, appendix",JLPT JLPT_2
ついで,ついで,"opportunity, occasion",JLPT JLPT_2
～通,～つう,counter for letters,JLPT JLPT_2
通ずる,つうずる,"to lead, to run, to open",JLPT JLPT_2
通知,つうち,"notice, notification",JLPT JLPT_2
通帳,つうちょう,bankbook,JLPT JLPT_2
通用,つうよう,"popular use, circulation",JLPT JLPT_2
通路,つうろ,"passage, pathway",JLPT JLPT_2
～遣い,～づかい,use of ~,JLPT JLPT_2
～付,～つき,with ~,JLPT JLPT_2
突き当たり,つきあたり,"end (e.g., of street)",JLPT JLPT_2
突き当たる,つきあたる,"to run into, to collide with",JLPT JLPT_2
月日,つきひ,"time, years, days",JLPT JLPT_2
～続く,～つづく,"follow, continue, go on",JLPT JLPT_2
突っ込む,つっこむ,"to plunge into, to stick into",JLPT JLPT_2
務める,つとめる,"to serve, to act",JLPT JLPT_2
努める,つとめる,"to try, to aim",JLPT JLPT_2
綱,つな,rope,JLPT JLPT_2
繋がり,つながり,"connection, link, relationship",JLPT JLPT_2
粒,つぶ,grain,JLPT JLPT_2
潰す,つぶす,"to smash, to waste",JLPT JLPT_2
潰れる,つぶれる,"to be smashed, to go bankrupt",JLPT JLPT_2
つまずく,つまずく,"to stumble, to trip",JLPT JLPT_2
詰まる,つまる,"to be blocked, to be packed",JLPT JLPT_2
爪,つめ,fingernail or toenail,JLPT JLPT_2
艶,つや,"gloss, glaze",JLPT JLPT_2
強気,つよき,"firm, strong",JLPT JLPT_2
～辛い,～づらい,hard to do ~,JLPT JLPT_2
釣り合う,つりあう,"to balance, to be in harmony, to suit",JLPT JLPT_2
吊る,つる,to hang,JLPT JLPT_2
吊す,つるす,to hang,JLPT JLPT_2
手洗い,てあらい,"restroom, lavatory",JLPT JLPT_2
低～,てい～,low ~,JLPT JLPT_2
定員,ていいん,"fixed number of regular personnel, capacity (e.g., of boat)",JLPT JLPT_2
定価,ていか,established price,JLPT JLPT_2
低下,ていか,"fall, decline",JLPT JLPT_2
定期券,ていきけん,"commuter pass, season ticket",JLPT JLPT_2
定休日,ていきゅうび,regular holiday,JLPT JLPT_2
停止,ていし,"suspension, interruption, stoppage",JLPT JLPT_2
停車,ていしゃ,"stopping (e.g., train)",JLPT JLPT_2
出入り,でいり,"in and out, coming and going",JLPT JLPT_2
出入口,でいりぐち,exit and entrance,JLPT JLPT_2
手入れ,ていれ,"repairs, maintenance",JLPT JLPT_2
テーマ,テーマ,"theme, project, topic (GER: Thema)",JLPT_2 JLPT Intermediate_Japanese_Ln.15 Intermediate_Japanese
～滴,～てき,drop,JLPT JLPT_2
出来上がり,できあがり,"be finished, ready",JLPT JLPT_2
出来上がる,できあがる,"to be finished, to be ready",JLPT JLPT_2
的確,てきかく,"precise, accurate",JLPT JLPT_2
適確,てきかく,"precise, accurate",JLPT JLPT_2
手首,てくび,wrist,JLPT JLPT_2
凸凹,でこぼこ,"unevenness, roughness, ruggedness",JLPT JLPT_2
手頃,てごろ,"moderate, handy",JLPT JLPT_2
弟子,でし,"pupil, disciple, apprentice",JLPT JLPT_2
でたらめ,でたらめ,"irresponsible utterance, nonsense; random",JLPT JLPT_2
手帳,てちょう,notebook,JLPT JLPT_2
鉄橋,てっきょう,iron bridge,JLPT JLPT_2
手続き,てつづき,"procedure, (legal) process, formalities",JLPT JLPT_2
鉄砲,てっぽう,gun,JLPT JLPT_2
テニスコート,テニスコート,tennis court,JLPT JLPT_2
手拭い,てぬぐい,(hand) towel,JLPT JLPT_2
手前,てまえ,"before, this side",JLPT JLPT_2
出迎え,でむかえ,"meeting, reception",JLPT JLPT_2
照らす,てらす,"to shine on, to illuminate",JLPT JLPT_2
照る,てる,to shine,JLPT JLPT_2
～点,～てん,counter for scores,JLPT JLPT_2
展開,てんかい,"develop, expansion (opposite of compression)",JLPT JLPT_2
伝記,でんき,"biography, life story",JLPT JLPT_2
電球,でんきゅう,light bulb,JLPT JLPT_2
点数,てんすう,"marks, points, score",JLPT JLPT_2
伝染,でんせん,contagion,JLPT JLPT_2
電池,でんち,battery,Genki_Ln.15 JLPT_2 JLPT Genki
点々,てんてん,"here and there, little by little",JLPT JLPT_2
転々,てんてん,from one to another,JLPT JLPT_2
電柱,でんちゅう,"telephone pole, telegraph pole, light pole",JLPT JLPT_2
天皇,てんのう,Emperor of Japan,JLPT JLPT_2